city_id,district_id,district,lat,lng
110000,110101,东城区,39.917544,116.418757
110000,110102,西城区,39.915309,116.366794
110000,110105,朝阳区,39.921489,116.486409
110000,110106,丰台区,39.863642,116.286968
110000,110107,石景山区,39.914601,116.195445
110000,110108,海淀区,39.956074,116.310316
110000,110109,门头沟区,39.937183,116.105381
110000,110111,房山区,39.735535,116.139157
110000,110112,通州区,39.902486,116.658603
110000,110113,顺义区,40.128936,116.653525
110000,110114,昌平区,40.218085,116.235906
110000,110115,大兴区,39.728908,116.338033
110000,110116,怀柔区,40.324272,116.637122
110000,110117,平谷区,40.144783,117.112335
110000,110118,密云区,40.377362,116.843352
110000,110119,延庆区,40.465325,115.985006
120000,120101,和平区,39.118327,117.195907
120000,120102,河东区,39.122125,117.226568
120000,120103,河西区,39.101897,117.217536
120000,120104,南开区,39.120474,117.164143
120000,120105,河北区,39.156632,117.201569
120000,120106,红桥区,39.175066,117.163301
120000,120110,东丽区,39.087764,117.313967
120000,120111,西青区,39.139446,117.012247
120000,120112,津南区,38.989577,117.382549
120000,120113,北辰区,39.225555,117.13482
120000,120114,武清区,39.376925,117.057959
120000,120115,宝坻区,39.716965,117.308094
120000,120116,滨海新区,39.032846,117.654173
120000,120117,宁河区,39.328886,117.82828
120000,120118,静海区,38.935671,116.925304
120000,120119,蓟州区,40.045342,117.407449
310000,310101,黄浦区,31.222771,121.490317
310000,310104,徐汇区,31.179973,121.43752
310000,310105,长宁区,31.218123,121.4222
310000,310106,静安区,31.229003,121.448224
310000,310107,普陀区,31.241701,121.392499
310000,310109,虹口区,31.26097,121.491832
310000,310110,杨浦区,31.270755,121.522797
310000,310112,闵行区,31.111658,121.375972
310000,310113,宝山区,31.398896,121.489934
310000,310114,嘉定区,31.383524,121.250333
310000,310115,浦东新区,31.245944,121.567706
310000,310116,金山区,30.724697,121.330736
310000,310117,松江区,31.03047,121.223543
310000,310118,青浦区,31.151209,121.113021
310000,310120,奉贤区,30.912345,121.458472
310000,310151,崇明区,31.626946,121.397516
500000,500101,万州区,30.807807,108.380246
500000,500102,涪陵区,29.703652,107.394905
500000,500103,渝中区,29.556742,106.56288
500000,500104,大渡口区,29.481002,106.48613
500000,500105,江北区,29.575352,106.532844
500000,500106,沙坪坝区,29.541224,106.4542
500000,500107,九龙坡区,29.523492,106.480989
500000,500108,南岸区,29.523992,106.560813
500000,500109,北碚区,29.82543,106.437868
500000,500110,綦江区,29.028091,106.651417
500000,500111,大足区,29.700498,105.715319
500000,500112,渝北区,29.601451,106.512851
500000,500113,巴南区,29.381919,106.519423
500000,500114,黔江区,29.527548,108.782577
500000,500115,长寿区,29.833671,107.074854
500000,500116,江津区,29.283387,106.253156
500000,500117,合川区,29.990993,106.265554
500000,500118,永川区,29.348748,105.894714
500000,500119,南川区,29.156646,107.098153
500000,500120,璧山区,29.593581,106.231126
500000,500151,铜梁区,29.839944,106.054948
500000,500152,潼南区,30.189554,105.841818
500000,500153,荣昌区,29.403627,105.594061
500000,500154,开州区,31.167735,108.413317
500000,500155,梁平区,30.672168,107.800034
500000,500156,武隆区,29.32376,107.75655
500000,500229,城口县,31.946293,108.6649
500000,500230,丰都县,29.866424,107.73248
500000,500231,垫江县,30.330012,107.348692
500000,500233,忠县,30.291537,108.037518
500000,500235,云阳县,30.930529,108.697698
500000,500236,奉节县,31.019967,109.465774
500000,500237,巫山县,31.074843,109.878928
500000,500238,巫溪县,31.3966,109.628912
500000,500240,石柱土家族自治县,29.99853,108.112448
500000,500241,秀山土家族苗族自治县,28.444772,108.996043
500000,500242,酉阳土家族苗族自治县,28.839828,108.767201
500000,500243,彭水苗族土家族自治县,29.293856,108.166551
810000,810001,中西区,22.28198083,114.1543731
810000,810002,湾仔区,22.27638889,114.1829153
810000,810003,东区,22.27969306,114.2260031
810000,810004,南区,22.24589667,114.1600117
810000,810005,油尖旺区,22.31170389,114.1733317
810000,810006,深水埗区,22.33385417,114.1632417
810000,810007,九龙城区,22.31251,114.1928467
810000,810008,黄大仙区,22.33632056,114.2038856
810000,810009,观塘区,22.32083778,114.2140542
810000,810010,荃湾区,22.36830667,114.1210792
810000,810011,屯门区,22.39384417,113.9765742
810000,810012,元朗区,22.44142833,114.0324381
810000,810013,北区,22.49610389,114.1473639
810000,810014,大埔区,22.44565306,114.1717431
810000,810015,西贡区,22.31421306,114.264645
810000,810016,沙田区,22.37953167,114.1953653
810000,810017,葵青区,22.36387667,114.1393194
810000,810018,离岛区,22.28640778,113.94612
820000,820001,花地玛堂区,22.20787,113.5528956
820000,820002,花王堂区,22.1992075,113.5489608
820000,820003,望德堂区,22.19372083,113.5501828
820000,820004,大堂区,22.18853944,113.5536475
820000,820005,风顺堂区,22.18736806,113.5419278
820000,820006,嘉模堂区,22.15375944,113.5587044
820000,820007,路凼填海区,22.13663,113.5695992
820000,820008,圣方济各堂区,22.12348639,113.5599542
130100,130102,长安区,38.047501,114.548151
130100,130104,桥西区,38.028383,114.462931
130100,130105,新华区,38.067142,114.465974
130100,130107,井陉矿区,38.069748,114.058178
130100,130108,裕华区,38.027696,114.533257
130100,130109,藁城区,38.033767,114.849647
130100,130110,鹿泉区,38.093994,114.321023
130100,130111,栾城区,37.886911,114.654281
130100,130121,井陉县,38.033614,114.144488
130100,130123,正定县,38.147835,114.569887
130100,130125,行唐县,38.437422,114.552734
130100,130126,灵寿县,38.306546,114.37946
130100,130127,高邑县,37.605714,114.610699
130100,130128,深泽县,38.18454,115.200207
130100,130129,赞皇县,37.660199,114.387756
130100,130130,无极县,38.176376,114.977845
130100,130131,平山县,38.259311,114.184144
130100,130132,元氏县,37.762514,114.52618
130100,130133,赵县,37.754341,114.775362
130100,130181,辛集市,37.92904,115.217451
130100,130183,晋州市,38.027478,115.044886
130100,130184,新乐市,38.344768,114.68578
130200,130202,路南区,39.615162,118.210821
130200,130203,路北区,39.628538,118.174736
130200,130204,古冶区,39.715736,118.45429
130200,130205,开平区,39.676171,118.264425
130200,130207,丰南区,39.56303,118.110793
130200,130208,丰润区,39.831363,118.155779
130200,130209,曹妃甸区,39.278277,118.446585
130200,130224,滦南县,39.506201,118.681552
130200,130225,乐亭县,39.42813,118.905341
130200,130227,迁西县,40.146238,118.305139
130200,130229,玉田县,39.887323,117.753665
130200,130281,遵化市,40.188616,117.965875
130200,130283,迁安市,40.012108,118.701933
130200,130284,滦州市,39.74485,118.699546
130300,130302,海港区,39.943458,119.596224
130300,130303,山海关区,39.998023,119.753591
130300,130304,北戴河区,39.825121,119.486286
130300,130306,抚宁区,39.887053,119.240651
130300,130321,青龙满族自治县,40.406023,118.954555
130300,130322,昌黎县,39.709729,119.164541
130300,130324,卢龙县,39.891639,118.881809
130400,130402,邯山区,36.603196,114.484989
130400,130403,丛台区,36.611082,114.494703
130400,130404,复兴区,36.615484,114.458242
130400,130406,峰峰矿区,36.420487,114.209936
130400,130407,肥乡区,36.555778,114.805154
130400,130408,永年区,36.776413,114.496162
130400,130423,临漳县,36.337604,114.610703
130400,130424,成安县,36.443832,114.680356
130400,130425,大名县,36.283316,115.152586
130400,130426,涉县,36.563143,113.673297
130400,130427,磁县,36.367673,114.38208
130400,130430,邱县,36.81325,115.168584
130400,130431,鸡泽县,36.914908,114.878517
130400,130432,广平县,36.483603,114.950859
130400,130433,馆陶县,36.539461,115.289057
130400,130434,魏县,36.354248,114.93411
130400,130435,曲周县,36.773398,114.957588
130400,130481,武安市,36.696115,114.194581
130500,130502,襄都区,37.064125,114.507131
130500,130503,信都区,37.068009,114.473687
130500,130505,任泽区,37.129952,114.684469
130500,130506,南和区,37.003812,114.691377
130500,130522,临城县,37.444009,114.506873
130500,130523,内丘县,37.287663,114.511523
130500,130524,柏乡县,37.483596,114.693382
130500,130525,隆尧县,37.350925,114.776348
130500,130528,宁晋县,37.618956,114.921027
130500,130529,巨鹿县,37.21768,115.038782
130500,130530,新河县,37.526216,115.247537
130500,130531,广宗县,37.075548,115.142797
130500,130532,平乡县,37.069404,115.029218
130500,130533,威县,36.983272,115.272749
130500,130534,清河县,37.059991,115.668999
130500,130535,临西县,36.8642,115.498684
130500,130581,南宫市,37.359668,115.398102
130500,130582,沙河市,36.861903,114.504902
130600,130602,竞秀区,38.88662,115.470659
130600,130606,莲池区,38.865005,115.500934
130600,130607,满城区,38.95138,115.32442
130600,130608,清苑区,38.771012,115.492221
130600,130609,徐水区,39.020395,115.64941
130600,130623,涞水县,39.393148,115.711985
130600,130624,阜平县,38.847276,114.198801
130600,130626,定兴县,39.266195,115.796895
130600,130627,唐县,38.748542,114.981241
130600,130628,高阳县,38.690092,115.778878
130600,130629,容城县,39.05282,115.866247
130600,130630,涞源县,39.35755,114.692567
130600,130631,望都县,38.707448,115.154009
130600,130632,安新县,38.929912,115.931979
130600,130633,易县,39.35297,115.501146
130600,130634,曲阳县,38.619992,114.704055
130600,130635,蠡县,38.496429,115.583631
130600,130636,顺平县,38.845127,115.132749
130600,130637,博野县,38.458271,115.461798
130600,130638,雄县,38.990819,116.107474
130600,130681,涿州市,39.485765,115.973409
130600,130682,定州市,38.517602,114.991389
130600,130683,安国市,38.421367,115.33141
130600,130684,高碑店市,39.327689,115.882704
130700,130702,桥东区,40.813875,114.885658
130700,130703,桥西区,40.824385,114.882127
130700,130705,宣化区,40.609368,115.0632
130700,130706,下花园区,40.488645,115.281002
130700,130708,万全区,40.765136,114.736131
130700,130709,崇礼区,40.971302,115.281652
130700,130722,张北县,41.151713,114.715951
130700,130723,康保县,41.850046,114.615809
130700,130724,沽源县,41.667419,115.684836
130700,130725,尚义县,41.080091,113.977713
130700,130726,蔚县,39.837181,114.582695
130700,130727,阳原县,40.113419,114.167343
130700,130728,怀安县,40.671274,114.422364
130700,130730,怀来县,40.405405,115.520846
130700,130731,涿鹿县,40.378701,115.219246
130700,130732,赤城县,40.912081,115.832708
130800,130802,双桥区,40.976204,117.939152
130800,130803,双滦区,40.959756,117.797485
130800,130804,鹰手营子矿区,40.546956,117.661154
130800,130821,承德县,40.768637,118.172496
130800,130822,兴隆县,40.418525,117.507098
130800,130824,滦平县,40.936644,117.337124
130800,130825,隆化县,41.316667,117.736343
130800,130826,丰宁满族自治县,41.209903,116.65121
130800,130827,宽城满族自治县,40.607981,118.488642
130800,130828,围场满族蒙古族自治县,41.949404,117.764086
130800,130881,平泉市,41.00561,118.690238
130900,130902,新华区,38.308273,116.873049
130900,130903,运河区,38.307405,116.840063
130900,130921,沧县,38.219856,117.007478
130900,130922,青县,38.569646,116.838384
130900,130923,东光县,37.88655,116.542062
130900,130924,海兴县,38.141582,117.496606
130900,130925,盐山县,38.056141,117.229814
130900,130926,肃宁县,38.427102,115.835856
130900,130927,南皮县,38.042439,116.709171
130900,130928,吴桥县,37.628182,116.391512
130900,130929,献县,38.189661,116.123844
130900,130930,孟村回族自治县,38.057953,117.105104
130900,130981,泊头市,38.073479,116.570163
130900,130982,任丘市,38.706513,116.106764
130900,130983,黄骅市,38.369238,117.343803
130900,130984,河间市,38.44149,116.089452
131000,131002,安次区,39.502569,116.694544
131000,131003,广阳区,39.521931,116.713708
131000,131022,固安县,39.436468,116.299894
131000,131023,永清县,39.319717,116.498089
131000,131024,香河县,39.757212,117.007161
131000,131025,大城县,38.699215,116.640735
131000,131026,文安县,38.866801,116.460107
131000,131028,大厂回族自治县,39.889266,116.986501
131000,131081,霸州市,39.117331,116.392021
131000,131082,三河市,39.982778,117.077018
131100,131102,桃城区,37.732237,115.694945
131100,131103,冀州区,37.542788,115.579173
131100,131121,枣强县,37.511512,115.726499
131100,131122,武邑县,37.803774,115.892415
131100,131123,武强县,38.03698,115.970236
131100,131124,饶阳县,38.232671,115.726577
131100,131125,安平县,38.233511,115.519627
131100,131126,故城县,37.350981,115.966747
131100,131127,景县,37.686622,116.258446
131100,131128,阜城县,37.869945,116.164727
131100,131182,深州市,38.00347,115.554596
140100,140105,小店区,37.817974,112.564273
140100,140106,迎泽区,37.855804,112.558851
140100,140107,杏花岭区,37.879291,112.560743
140100,140108,尖草坪区,37.939893,112.487122
140100,140109,万柏林区,37.862653,112.522258
140100,140110,晋源区,37.715619,112.477849
140100,140121,清徐县,37.60729,112.357961
140100,140122,阳曲县,38.058797,112.673818
140100,140123,娄烦县,38.066035,111.793798
140100,140181,古交市,37.908534,112.174353
140200,140212,新荣区,40.258269,113.141044
140200,140213,平城区,40.075667,113.298027
140200,140214,云冈区,40.005405,113.149693
140200,140215,云州区,40.040295,113.61244
140200,140221,阳高县,40.364927,113.749871
140200,140222,天镇县,40.421336,114.09112
140200,140223,广灵县,39.763051,114.279252
140200,140224,灵丘县,39.438867,114.23576
140200,140225,浑源县,39.699099,113.698091
140200,140226,左云县,40.012873,112.70641
140300,140302,城区,37.860938,113.586513
140300,140303,矿区,37.870085,113.559066
140300,140311,郊区,37.94096,113.58664
140300,140321,平定县,37.800289,113.631049
140300,140322,盂县,38.086131,113.41223
140400,140403,潞州区,36.187895,113.114107
140400,140404,上党区,36.052438,113.056679
140400,140405,屯留区,36.314072,112.892741
140400,140406,潞城区,36.332232,113.223245
140400,140423,襄垣县,36.532854,113.050094
140400,140425,平顺县,36.200202,113.438791
140400,140426,黎城县,36.502971,113.387366
140400,140427,壶关县,36.110938,113.206138
140400,140428,长子县,36.119484,112.884656
140400,140429,武乡县,36.834315,112.8653
140400,140430,沁县,36.757123,112.70138
140400,140431,沁源县,36.500777,112.340878
140500,140502,城区,35.496641,112.853106
140500,140521,沁水县,35.689472,112.187213
140500,140522,阳城县,35.482177,112.422014
140500,140524,陵川县,35.775614,113.278877
140500,140525,泽州县,35.617221,112.899137
140500,140581,高平市,35.791355,112.930691
140600,140602,朔城区,39.324525,112.428676
140600,140603,平鲁区,39.515603,112.295227
140600,140621,山阴县,39.52677,112.816396
140600,140622,应县,39.559187,113.187505
140600,140623,右玉县,39.988812,112.465588
140600,140681,怀仁市,39.820789,113.100511
140700,140702,榆次区,37.6976,112.740056
140700,140703,太谷区,37.424595,112.554103
140700,140721,榆社县,37.069019,112.973521
140700,140722,左权县,37.079672,113.377834
140700,140723,和顺县,37.327027,113.572919
140700,140724,昔阳县,37.60437,113.706166
140700,140725,寿阳县,37.891136,113.177708
140700,140727,祁县,37.358739,112.330532
140700,140728,平遥县,37.195474,112.174059
140700,140729,灵石县,36.847469,111.772759
140700,140781,介休市,37.027616,111.913857
140800,140802,盐湖区,35.025643,111.000627
140800,140821,临猗县,35.141883,110.77493
140800,140822,万荣县,35.417042,110.843561
140800,140823,闻喜县,35.353839,111.220306
140800,140824,稷山县,35.600412,110.978996
140800,140825,新绛县,35.613697,111.225205
140800,140826,绛县,35.49045,111.576182
140800,140827,垣曲县,35.298293,111.67099
140800,140828,夏县,35.140441,111.223174
140800,140829,平陆县,34.837256,111.212377
140800,140830,芮城县,34.694769,110.69114
140800,140881,永济市,34.865125,110.447984
140800,140882,河津市,35.59715,110.710268
140900,140902,忻府区,38.417743,112.734112
140900,140921,定襄县,38.484948,112.963231
140900,140922,五台县,38.725711,113.259012
140900,140923,代县,39.065138,112.962519
140900,140924,繁峙县,39.188104,113.267707
140900,140925,宁武县,39.001718,112.307936
140900,140926,静乐县,38.355947,111.940231
140900,140927,神池县,39.088467,112.200438
140900,140928,五寨县,38.912761,111.841015
140900,140929,岢岚县,38.705625,111.56981
140900,140930,河曲县,39.381895,111.146609
140900,140931,保德县,39.022576,111.085688
140900,140932,偏关县,39.442153,111.500477
140900,140981,原平市,38.729186,112.713132
141000,141002,尧都区,36.080366,111.522945
141000,141021,曲沃县,35.641387,111.475529
141000,141022,翼城县,35.738621,111.713508
141000,141023,襄汾县,35.876139,111.442932
141000,141024,洪洞县,36.255742,111.673692
141000,141025,古县,36.26855,111.920207
141000,141026,安泽县,36.146032,112.251372
141000,141027,浮山县,35.971359,111.850039
141000,141028,吉县,36.099355,110.682853
141000,141029,乡宁县,35.975402,110.857365
141000,141030,大宁县,36.46383,110.751283
141000,141031,隰县,36.692675,110.935809
141000,141032,永和县,36.760614,110.631276
141000,141033,蒲县,36.411682,111.09733
141000,141034,汾西县,36.653368,111.563021
141000,141081,侯马市,35.620302,111.371272
141000,141082,霍州市,36.57202,111.723103
141100,141102,离石区,37.524037,111.134462
141100,141121,文水县,37.436314,112.032595
141100,141122,交城县,37.555155,112.159154
141100,141123,兴县,38.464136,111.124816
141100,141124,临县,37.960806,110.995963
141100,141125,柳林县,37.431664,110.89613
141100,141126,石楼县,36.999426,110.837119
141100,141127,岚县,38.278654,111.671555
141100,141128,方山县,37.892632,111.238885
141100,141129,中阳县,37.342054,111.193319
141100,141130,交口县,36.983068,111.183188
141100,141181,孝义市,37.144474,111.781568
141100,141182,汾阳市,37.267742,111.785273
150100,150102,新城区,40.826225,111.685964
150100,150103,回民区,40.815149,111.662162
150100,150104,玉泉区,40.799421,111.66543
150100,150105,赛罕区,40.807834,111.698463
150100,150121,土默特左旗,40.720416,111.133615
150100,150122,托克托县,40.276729,111.197317
150100,150123,和林格尔县,40.380288,111.824143
150100,150124,清水河县,39.912479,111.67222
150100,150125,武川县,41.094483,111.456563
150200,150202,东河区,40.587056,110.026895
150200,150203,昆都仑区,40.661345,109.822932
150200,150204,青山区,40.668558,109.880049
150200,150205,石拐区,40.672094,110.272565
150200,150206,白云鄂博矿区,41.769246,109.97016
150200,150207,九原区,40.600581,109.968122
150200,150221,土默特右旗,40.566434,110.526766
150200,150222,固阳县,41.030004,110.063421
150200,150223,达尔罕茂明安联合旗,41.702836,110.438452
150300,150302,海勃湾区,39.673527,106.817762
150300,150303,海南区,39.44153,106.884789
150300,150304,乌达区,39.502288,106.722711
150400,150402,红山区,42.269732,118.961087
150400,150403,元宝山区,42.041168,119.289877
150400,150404,松山区,42.281046,118.938958
150400,150421,阿鲁科尔沁旗,43.87877,120.094969
150400,150422,巴林左旗,43.980715,119.391737
150400,150423,巴林右旗,43.528963,118.678347
150400,150424,林西县,43.605326,118.05775
150400,150425,克什克腾旗,43.256233,117.542465
150400,150426,翁牛特旗,42.937128,119.022619
150400,150428,喀喇沁旗,41.92778,118.708572
150400,150429,宁城县,41.598692,119.339242
150400,150430,敖汉旗,42.287012,119.906486
150500,150502,科尔沁区,43.617422,122.264042
150500,150521,科尔沁左翼中旗,44.127166,123.313873
150500,150522,科尔沁左翼后旗,42.954564,122.355155
150500,150523,开鲁县,43.602432,121.308797
150500,150524,库伦旗,42.734692,121.774886
150500,150525,奈曼旗,42.84685,120.662543
150500,150526,扎鲁特旗,44.555294,120.905275
150500,150581,霍林郭勒市,45.532361,119.657862
150600,150602,东胜区,39.81788,109.98945
150600,150603,康巴什区,39.607472,109.790076
150600,150621,达拉特旗,40.404076,110.040281
150600,150622,准格尔旗,39.865221,111.238332
150600,150623,鄂托克前旗,38.183257,107.48172
150600,150624,鄂托克旗,39.095752,107.982604
150600,150625,杭锦旗,39.831789,108.736324
150600,150626,乌审旗,38.596611,108.842454
150600,150627,伊金霍洛旗,39.604312,109.787402
150700,150702,海拉尔区,49.213889,119.764923
150700,150703,扎赉诺尔区,49.456567,117.716373
150700,150721,阿荣旗,48.130503,123.464615
150700,150722,莫力达瓦达斡尔族自治旗,48.478385,124.507401
150700,150723,鄂伦春自治旗,50.590177,123.725684
150700,150724,鄂温克族自治旗,49.143293,119.754041
150700,150725,陈巴尔虎旗,49.328422,119.437609
150700,150726,新巴尔虎左旗,48.216571,118.267454
150700,150727,新巴尔虎右旗,48.669134,116.825991
150700,150781,满洲里市,49.590788,117.455561
150700,150782,牙克石市,49.287024,120.729005
150700,150783,扎兰屯市,48.007412,122.744401
150700,150784,额尔古纳市,50.2439,120.178636
150700,150785,根河市,50.780454,121.532724
150800,150802,临河区,40.757092,107.417018
150800,150821,五原县,41.097639,108.270658
150800,150822,磴口县,40.330479,107.006056
150800,150823,乌拉特前旗,40.725209,108.656816
150800,150824,乌拉特中旗,41.57254,108.515255
150800,150825,乌拉特后旗,41.084307,107.074941
150800,150826,杭锦后旗,40.888797,107.147682
150900,150902,集宁区,41.034134,113.116453
150900,150921,卓资县,40.89576,112.577702
150900,150922,化德县,41.899335,114.01008
150900,150923,商都县,41.560163,113.560643
150900,150924,兴和县,40.872437,113.834009
150900,150925,凉城县,40.531627,112.500911
150900,150926,察哈尔右翼前旗,40.786859,113.211958
150900,150927,察哈尔右翼中旗,41.274212,112.633563
150900,150928,察哈尔右翼后旗,41.447213,113.1906
150900,150929,四子王旗,41.528114,111.70123
150900,150981,丰镇市,40.437534,113.163462
152200,152201,乌兰浩特市,46.077238,122.068975
152200,152202,阿尔山市,47.177,119.943656
152200,152221,科尔沁右翼前旗,46.076497,121.957544
152200,152222,科尔沁右翼中旗,45.059645,121.472818
152200,152223,扎赉特旗,46.725136,122.909332
152200,152224,突泉县,45.380986,121.564856
152500,152501,二连浩特市,43.652895,111.97981
152500,152502,锡林浩特市,43.944301,116.091903
152500,152522,阿巴嘎旗,44.022728,114.970618
152500,152523,苏尼特左旗,43.854108,113.653412
152500,152524,苏尼特右旗,42.746662,112.65539
152500,152525,东乌珠穆沁旗,45.510307,116.980022
152500,152526,西乌珠穆沁旗,44.586147,117.615249
152500,152527,太仆寺旗,41.895199,115.28728
152500,152528,镶黄旗,42.239229,113.843869
152500,152529,正镶白旗,42.286807,115.031423
152500,152530,正蓝旗,42.245895,116.003311
152500,152531,多伦县,42.197962,116.477288
152900,152921,阿拉善左旗,38.847241,105.70192
152900,152922,阿拉善右旗,39.21159,101.671984
152900,152923,额济纳旗,41.958813,101.06944
210100,210102,和平区,41.788074,123.406664
210100,210103,沈河区,41.795591,123.445696
210100,210104,大东区,41.808503,123.469956
210100,210105,皇姑区,41.822336,123.405677
210100,210106,铁西区,41.787808,123.350664
210100,210111,苏家屯区,41.665904,123.341604
210100,210112,浑南区,41.741946,123.458981
210100,210113,沈北新区,42.052312,123.521471
210100,210114,于洪区,41.795833,123.310829
210100,210115,辽中区,41.512725,122.731269
210100,210123,康平县,42.741533,123.352703
210100,210124,法库县,42.507045,123.416722
210100,210181,新民市,41.996508,122.828868
210200,210202,中山区,38.921553,121.64376
210200,210203,西岗区,38.914266,121.616112
210200,210204,沙河口区,38.912859,121.593702
210200,210211,甘井子区,38.975148,121.582614
210200,210212,旅顺口区,38.812043,121.26713
210200,210213,金州区,39.052745,121.789413
210200,210214,普兰店区,39.401555,121.9705
210200,210224,长海县,39.272399,122.587824
210200,210281,瓦房店市,39.63065,122.002656
210200,210283,庄河市,39.69829,122.970612
210300,210302,铁东区,41.110344,122.994475
210300,210303,铁西区,41.11069,122.971834
210300,210304,立山区,41.150622,123.024806
210300,210311,千山区,41.068909,122.949298
210300,210321,台安县,41.38686,122.429736
210300,210323,岫岩满族自治县,40.281509,123.28833
210300,210381,海城市,40.852533,122.752199
210400,210402,新抚区,41.86082,123.902858
210400,210403,东洲区,41.866829,124.047219
210400,210404,望花区,41.851803,123.801509
210400,210411,顺城区,41.881132,123.917165
210400,210421,抚顺县,41.922644,124.097979
210400,210422,新宾满族自治县,41.732456,125.037547
210400,210423,清原满族自治县,42.10135,124.927192
210500,210502,平山区,41.291581,123.761231
210500,210503,溪湖区,41.330056,123.765226
210500,210504,明山区,41.302429,123.763288
210500,210505,南芬区,41.104093,123.748381
210500,210521,本溪满族自治县,41.300344,124.126156
210500,210522,桓仁满族自治县,41.268997,125.359195
210600,210602,元宝区,40.136483,124.397814
210600,210603,振兴区,40.102801,124.361153
210600,210604,振安区,40.158557,124.427709
210600,210624,宽甸满族自治县,40.730412,124.784867
210600,210681,东港市,39.883467,124.149437
210600,210682,凤城市,40.457567,124.071067
210700,210702,古塔区,41.115719,121.130085
210700,210703,凌河区,41.114662,121.151304
210700,210711,太和区,41.105378,121.107297
210700,210726,黑山县,41.691804,122.117915
210700,210727,义县,41.537224,121.242831
210700,210781,凌海市,41.171738,121.364236
210700,210782,北镇市,41.598764,121.795962
210800,210802,站前区,40.669949,122.253235
210800,210803,西市区,40.663086,122.210067
210800,210804,鲅鱼圈区,40.263646,122.127242
210800,210811,老边区,40.682723,122.382584
210800,210881,盖州市,40.405234,122.355534
210800,210882,大石桥市,40.633973,122.505894
210900,210902,海州区,42.011162,121.657639
210900,210903,新邱区,42.086603,121.790541
210900,210904,太平区,42.011145,121.677575
210900,210905,清河门区,41.780477,121.42018
210900,210911,细河区,42.019218,121.654791
210900,210921,阜新蒙古族自治县,42.058607,121.743125
210900,210922,彰武县,42.384823,122.537444
211000,211002,白塔区,41.26745,123.172611
211000,211003,文圣区,41.266765,123.188227
211000,211004,宏伟区,41.205747,123.200461
211000,211005,弓长岭区,41.157831,123.431633
211000,211011,太子河区,41.251682,123.185336
211000,211021,辽阳县,41.216479,123.079674
211000,211081,灯塔市,41.427836,123.325864
211100,211102,双台子区,41.190365,122.055733
211100,211103,兴隆台区,41.122423,122.071624
211100,211104,大洼区,40.994428,122.071708
211100,211122,盘山县,41.240701,121.98528
211200,211202,银州区,42.292278,123.844877
211200,211204,清河区,42.542978,124.14896
211200,211221,铁岭县,42.223316,123.725669
211200,211223,西丰县,42.738091,124.72332
211200,211224,昌图县,42.784441,124.11017
211200,211281,调兵山市,42.450734,123.545366
211200,211282,开原市,42.542141,124.045551
211300,211302,双塔区,41.579389,120.44877
211300,211303,龙城区,41.576749,120.413376
211300,211321,朝阳县,41.526342,120.404217
211300,211322,建平县,41.402576,119.642363
211300,211324,喀喇沁左翼蒙古族自治县,41.125428,119.744883
211300,211381,北票市,41.803286,120.766951
211300,211382,凌源市,41.243086,119.404789
211400,211402,连山区,40.755143,120.85937
211400,211403,龙港区,40.709991,120.838569
211400,211404,南票区,41.098813,120.752314
211400,211421,绥中县,40.328407,120.342112
211400,211422,建昌县,40.812871,119.807776
211400,211481,兴城市,40.619413,120.729365
220100,220102,南关区,43.890235,125.337237
220100,220103,宽城区,43.903823,125.342828
220100,220104,朝阳区,43.86491,125.318042
220100,220105,二道区,43.870824,125.384727
220100,220106,绿园区,43.892177,125.272467
220100,220112,双阳区,43.525168,125.659018
220100,220113,九台区,44.157155,125.844682
220100,220122,农安县,44.431258,125.175287
220100,220182,榆树市,44.827642,126.550107
220100,220183,德惠市,44.533909,125.703327
220100,220184,公主岭市,43.509474,124.817588
220200,220202,昌邑区,43.851118,126.570766
220200,220203,龙潭区,43.909755,126.561429
220200,220204,船营区,43.843804,126.55239
220200,220211,丰满区,43.816594,126.560759
220200,220221,永吉县,43.667416,126.501622
220200,220281,蛟河市,43.720579,127.342739
220200,220282,桦甸市,42.972093,126.745445
220200,220283,舒兰市,44.410906,126.947813
220200,220284,磐石市,42.942476,126.059929
220300,220302,铁西区,43.176263,124.360894
220300,220303,铁东区,43.16726,124.388464
220300,220322,梨树县,43.30831,124.335802
220300,220323,伊通满族自治县,43.345464,125.303124
220300,220382,双辽市,43.518275,123.505283
220400,220402,龙山区,42.902702,125.145164
220400,220403,西安区,42.920415,125.151424
220400,220421,东丰县,42.675228,125.529623
220400,220422,东辽县,42.927724,124.991995
220500,220502,东昌区,41.721233,125.936716
220500,220503,二道江区,41.777564,126.045987
220500,220521,通化县,41.677918,125.753121
220500,220523,辉南县,42.683459,126.042821
220500,220524,柳河县,42.281484,125.740536
220500,220581,梅河口市,42.530002,125.687336
220500,220582,集安市,41.126276,126.186204
220600,220602,浑江区,41.943065,126.428035
220600,220605,江源区,42.048109,126.584229
220600,220621,抚松县,42.332643,127.273796
220600,220622,靖宇县,42.389689,126.808386
220600,220623,长白朝鲜族自治县,41.419361,128.203384
220600,220681,临江市,41.810689,126.919296
220700,220702,宁江区,45.176498,124.827851
220700,220721,前郭尔罗斯蒙古族自治县,45.116288,124.826808
220700,220722,长岭县,44.276579,123.985184
220700,220723,乾安县,45.006846,124.024361
220700,220781,扶余市,44.986199,126.042758
220800,220802,洮北区,45.619253,122.842499
220800,220821,镇赉县,45.846089,123.202246
220800,220822,通榆县,44.80915,123.088543
220800,220881,洮南市,45.339113,122.783779
220800,220882,大安市,45.507648,124.291512
222400,222401,延吉市,42.906964,129.51579
222400,222402,图们市,42.966621,129.846701
222400,222403,敦化市,43.366921,128.22986
222400,222404,珲春市,42.871057,130.365787
222400,222405,龙井市,42.771029,129.425747
222400,222406,和龙市,42.547004,129.008748
222400,222424,汪清县,43.315426,129.766161
222400,222426,安图县,43.110994,128.901865
230100,230102,道里区,45.762035,126.612532
230100,230103,南岗区,45.755971,126.652098
230100,230104,道外区,45.78454,126.648838
230100,230108,平房区,45.605567,126.629257
230100,230109,松北区,45.814656,126.563066
230100,230110,香坊区,45.713067,126.667049
230100,230111,呼兰区,45.98423,126.603302
230100,230112,阿城区,45.538372,126.972726
230100,230113,双城区,45.377942,126.308784
230100,230123,依兰县,46.315105,129.565594
230100,230124,方正县,45.839536,128.836131
230100,230125,宾县,45.759369,127.48594
230100,230126,巴彦县,46.081889,127.403602
230100,230127,木兰县,45.949826,128.042675
230100,230128,通河县,45.977618,128.747786
230100,230129,延寿县,45.455648,128.331886
230100,230183,尚志市,45.214953,127.968539
230100,230184,五常市,44.919418,127.15759
230200,230202,龙沙区,47.341736,123.957338
230200,230203,建华区,47.354494,123.955888
230200,230204,铁锋区,47.339499,123.973555
230200,230205,昂昂溪区,47.156867,123.813181
230200,230206,富拉尔基区,47.20697,123.638873
230200,230207,碾子山区,47.51401,122.887972
230200,230208,梅里斯达斡尔族区,47.311113,123.754599
230200,230221,龙江县,47.336388,123.187225
230200,230223,依安县,47.890098,125.307561
230200,230224,泰来县,46.39233,123.41953
230200,230225,甘南县,47.917838,123.506034
230200,230227,富裕县,47.797172,124.469106
230200,230229,克山县,48.034342,125.874355
230200,230230,克东县,48.03732,126.249094
230200,230231,拜泉县,47.607363,126.091911
230200,230281,讷河市,48.481133,124.882172
230300,230302,鸡冠区,45.30034,130.974374
230300,230303,恒山区,45.213242,130.910636
230300,230304,滴道区,45.348812,130.846823
230300,230305,梨树区,45.092195,130.697781
230300,230306,城子河区,45.338248,131.010501
230300,230307,麻山区,45.209607,130.481126
230300,230321,鸡东县,45.250892,131.148907
230300,230381,虎林市,45.767985,132.973881
230300,230382,密山市,45.54725,131.874137
230400,230402,向阳区,47.345372,130.292478
230400,230403,工农区,47.331678,130.276652
230400,230404,南山区,47.31324,130.275533
230400,230405,兴安区,47.252911,130.236169
230400,230406,东山区,47.337385,130.31714
230400,230407,兴山区,47.35997,130.30534
230400,230421,萝北县,47.577577,130.829087
230400,230422,绥滨县,47.289892,131.860526
230500,230502,尖山区,46.642961,131.15896
230500,230503,岭东区,46.591076,131.163675
230500,230505,四方台区,46.594347,131.333181
230500,230506,宝山区,46.573366,131.404294
230500,230521,集贤县,46.72898,131.13933
230500,230522,友谊县,46.775159,131.810622
230500,230523,宝清县,46.328781,132.206415
230500,230524,饶河县,46.801288,134.021162
230600,230602,萨尔图区,46.596356,125.114643
230600,230603,龙凤区,46.573948,125.145794
230600,230604,让胡路区,46.653254,124.868341
230600,230605,红岗区,46.403049,124.889528
230600,230606,大同区,46.034304,124.818509
230600,230621,肇州县,45.708685,125.273254
230600,230622,肇源县,45.518832,125.081974
230600,230623,林甸县,47.186411,124.877742
230600,230624,杜尔伯特蒙古族自治县,46.865973,124.446259
230700,230717,伊美区,47.728171,128.907303
230700,230718,乌翠区,47.726728,128.669859
230700,230719,友好区,47.853778,128.84075
230700,230722,嘉荫县,48.891378,130.397684
230700,230723,汤旺县,48.454651,129.571108
230700,230724,丰林县,48.290455,129.5336
230700,230725,大箐山县,47.028397,129.020793
230700,230726,南岔县,47.137314,129.28246
230700,230751,金林区,47.413074,129.429117
230700,230781,铁力市,46.985772,128.030561
230800,230803,向阳区,46.809645,130.361786
230800,230804,前进区,46.812345,130.377684
230800,230805,东风区,46.822476,130.403297
230800,230811,郊区,46.80712,130.351588
230800,230822,桦南县,46.240118,130.570112
230800,230826,桦川县,47.023039,130.723713
230800,230828,汤原县,46.730048,129.904463
230800,230881,同江市,47.651131,132.510119
230800,230882,富锦市,47.250747,132.037951
230800,230883,抚远市,48.364707,134.294501
230900,230902,新兴区,45.794258,130.889482
230900,230903,桃山区,45.771217,131.015848
230900,230904,茄子河区,45.776587,131.071561
230900,230921,勃利县,45.751573,130.575025
231000,231002,东安区,44.582399,129.623292
231000,231003,阳明区,44.596328,129.634645
231000,231004,爱民区,44.595443,129.601232
231000,231005,西安区,44.581032,129.61311
231000,231025,林口县,45.286645,130.268402
231000,231081,绥芬河市,44.396864,131.164856
231000,231083,海林市,44.574149,129.387902
231000,231084,宁安市,44.346836,129.470019
231000,231085,穆棱市,44.91967,130.527085
231000,231086,东宁市,44.063578,131.125296
231100,231102,爱辉区,50.249027,127.497639
231100,231123,逊克县,49.582974,128.476152
231100,231124,孙吴县,49.423941,127.327315
231100,231181,北安市,48.245437,126.508737
231100,231182,五大连池市,48.512688,126.197694
231100,231183,嫩江市,49.177461,125.229904
231200,231202,北林区,46.634912,126.990665
231200,231221,望奎县,46.83352,126.484191
231200,231222,兰西县,46.259037,126.289315
231200,231223,青冈县,46.686596,126.112268
231200,231224,庆安县,46.879203,127.510024
231200,231225,明水县,47.183527,125.907544
231200,231226,绥棱县,47.247195,127.111121
231200,231281,安达市,46.410614,125.329926
231200,231282,肇东市,46.069471,125.991402
231200,231283,海伦市,47.460428,126.969383
232700,232701,漠河市,52.972074,122.536256
232700,232718,加格达奇区,50.424654,124.126716
232700,232721,呼玛县,51.726998,126.662105
232700,232722,塔河县,52.335229,124.710516
320100,320102,玄武区,32.050678,118.792199
320100,320104,秦淮区,32.033818,118.786088
320100,320105,建邺区,32.004538,118.732688
320100,320106,鼓楼区,32.066966,118.769739
320100,320111,浦口区,32.05839,118.625307
320100,320113,栖霞区,32.102147,118.808702
320100,320114,雨花台区,31.995946,118.77207
320100,320115,江宁区,31.953418,118.850621
320100,320116,六合区,32.340655,118.85065
320100,320117,溧水区,31.653061,119.028732
320100,320118,高淳区,31.327132,118.87589
320200,320205,锡山区,31.585559,120.357298
320200,320206,惠山区,31.681019,120.303543
320200,320211,滨湖区,31.550228,120.266053
320200,320213,梁溪区,31.575706,120.296595
320200,320214,新吴区,31.550966,120.352782
320200,320281,江阴市,31.910984,120.275891
320200,320282,宜兴市,31.364384,119.820538
320300,320302,鼓楼区,34.269397,117.192941
320300,320303,云龙区,34.254805,117.194589
320300,320305,贾汪区,34.441642,117.450212
320300,320311,泉山区,34.262249,117.182225
320300,320312,铜山区,34.19288,117.183894
320300,320321,丰县,34.696946,116.592888
320300,320322,沛县,34.729044,116.937182
320300,320324,睢宁县,33.899222,117.95066
320300,320381,新沂市,34.368779,118.345828
320300,320382,邳州市,34.314708,117.963923
320400,320402,天宁区,31.779632,119.963783
320400,320404,钟楼区,31.78096,119.948388
320400,320411,新北区,31.824664,119.974654
320400,320412,武进区,31.718566,119.958773
320400,320413,金坛区,31.744399,119.573395
320400,320481,溧阳市,31.427081,119.487816
320500,320505,虎丘区,31.294845,120.566833
320500,320506,吴中区,31.270839,120.624621
320500,320507,相城区,31.396684,120.618956
320500,320508,姑苏区,31.311414,120.622249
320500,320509,吴江区,31.160404,120.641601
320500,320581,常熟市,31.658156,120.74852
320500,320582,张家港市,31.865553,120.543441
320500,320583,昆山市,31.381925,120.958137
320500,320585,太仓市,31.452568,121.112275
320600,320602,崇川区,32.015278,120.86635
320600,320612,通州区,32.084287,121.073171
320600,320623,如东县,32.311832,121.186088
320600,320681,启东市,31.810158,121.659724
320600,320682,如皋市,32.391591,120.566324
320600,320684,海门区,31.893528,121.176609
320600,320685,海安市,32.540288,120.465995
320700,320703,连云区,34.739529,119.366487
320700,320706,海州区,34.601584,119.179793
320700,320707,赣榆区,34.839154,119.128774
320700,320722,东海县,34.522859,118.766489
320700,320723,灌云县,34.298436,119.255741
320700,320724,灌南县,34.092553,119.352331
320800,320803,淮安区,33.507499,119.14634
320800,320804,淮阴区,33.622452,119.020817
320800,320812,清江浦区,33.603234,119.019454
320800,320813,洪泽区,33.294975,118.867875
320800,320826,涟水县,33.771308,119.266078
320800,320830,盱眙县,33.00439,118.493823
320800,320831,金湖县,33.018162,119.016936
320900,320902,亭湖区,33.383912,120.136078
320900,320903,盐都区,33.341288,120.139753
320900,320904,大丰区,33.199531,120.470324
320900,320921,响水县,34.19996,119.579573
320900,320922,滨海县,33.989888,119.828434
320900,320923,阜宁县,33.78573,119.805338
320900,320924,射阳县,33.773779,120.257444
320900,320925,建湖县,33.472621,119.793105
320900,320981,东台市,32.853174,120.314101
321000,321002,广陵区,32.392154,119.442267
321000,321003,邗江区,32.377899,119.397777
321000,321012,江都区,32.426564,119.567481
321000,321023,宝应县,33.23694,119.321284
321000,321081,仪征市,32.271965,119.182443
321000,321084,高邮市,32.785164,119.443842
321100,321102,京口区,32.206191,119.454571
321100,321111,润州区,32.213501,119.414877
321100,321112,丹徒区,32.128972,119.433883
321100,321181,丹阳市,31.991459,119.581911
321100,321182,扬中市,32.237266,119.828054
321100,321183,句容市,31.947355,119.167135
321200,321202,海陵区,32.488406,119.920187
321200,321203,高港区,32.315701,119.88166
321200,321204,姜堰区,32.508483,120.148208
321200,321281,兴化市,32.938065,119.840162
321200,321282,靖江市,32.018168,120.26825
321200,321283,泰兴市,32.168784,120.020228
321300,321302,宿城区,33.937726,118.278984
321300,321311,宿豫区,33.941071,118.330012
321300,321322,沭阳县,34.129097,118.775889
321300,321323,泗阳县,33.711433,118.681284
321300,321324,泗洪县,33.456538,118.211824
330100,330102,上城区,30.250236,120.171465
330100,330105,拱墅区,30.314697,120.150053
330100,330106,西湖区,30.272934,120.147376
330100,330108,滨江区,30.206615,120.21062
330100,330109,萧山区,30.162932,120.27069
330100,330110,余杭区,30.27365,119.978959
330100,330111,富阳区,30.049871,119.949869
330100,330112,临安区,30.231153,119.715101
330100,330114,钱塘区,30.322904,120.493972
330100,330113,临平区,30.419025,120.299376
330100,330122,桐庐县,29.797437,119.685045
330100,330127,淳安县,29.604177,119.044276
330100,330182,建德市,29.472284,119.279089
330200,330203,海曙区,29.874452,121.539698
330200,330205,江北区,29.888361,121.559282
330200,330206,北仑区,29.90944,121.831303
330200,330211,镇海区,29.952107,121.713162
330200,330212,鄞州区,29.831662,121.558436
330200,330213,奉化区,29.662348,121.41089
330200,330225,象山县,29.470206,121.877091
330200,330226,宁海县,29.299836,121.432606
330200,330281,余姚市,30.045404,121.156294
330200,330282,慈溪市,30.177142,121.248052
330300,330302,鹿城区,28.003352,120.674231
330300,330303,龙湾区,27.970254,120.763469
330300,330304,瓯海区,28.006444,120.637145
330300,330305,洞头区,27.836057,121.156181
330300,330324,永嘉县,28.153886,120.690968
330300,330326,平阳县,27.6693,120.564387
330300,330327,苍南县,27.507743,120.406256
330300,330328,文成县,27.789133,120.09245
330300,330329,泰顺县,27.557309,119.71624
330300,330381,瑞安市,27.779321,120.646171
330300,330382,乐清市,28.116083,120.967147
330300,330383,龙港市,27.578156,120.553039
330400,330402,南湖区,30.764652,120.749953
330400,330411,秀洲区,30.763323,120.720431
330400,330421,嘉善县,30.841352,120.921871
330400,330424,海盐县,30.522223,120.942017
330400,330481,海宁市,30.525544,120.688821
330400,330482,平湖市,30.698921,121.014666
330400,330483,桐乡市,30.629065,120.551085
330500,330502,吴兴区,30.867252,120.101416
330500,330503,南浔区,30.872742,120.417195
330500,330521,德清县,30.534927,119.967662
330500,330522,长兴县,31.00475,119.910122
330500,330523,安吉县,30.631974,119.687891
330600,330602,越城区,29.996993,120.585315
330600,330603,柯桥区,30.078038,120.476075
330600,330604,上虞区,30.016769,120.874185
330600,330624,新昌县,29.501205,120.905665
330600,330681,诸暨市,29.713662,120.244326
330600,330683,嵊州市,29.586606,120.82888
330700,330702,婺城区,29.082607,119.652579
330700,330703,金东区,29.095835,119.681264
330700,330723,武义县,28.896563,119.819159
330700,330726,浦江县,29.451254,119.893363
330700,330727,磐安县,29.052627,120.44513
330700,330781,兰溪市,29.210065,119.460521
330700,330782,义乌市,29.306863,120.074911
330700,330783,东阳市,29.262546,120.23334
330700,330784,永康市,28.895293,120.036328
330800,330802,柯城区,28.944539,118.873041
330800,330803,衢江区,28.973195,118.957683
330800,330822,常山县,28.900039,118.521654
330800,330824,开化县,29.136503,118.414435
330800,330825,龙游县,29.031364,119.172525
330800,330881,江山市,28.734674,118.627879
330900,330902,定海区,30.016423,122.108496
330900,330903,普陀区,29.945614,122.301953
330900,330921,岱山县,30.242865,122.201132
330900,330922,嵊泗县,30.727166,122.457809
331000,331002,椒江区,28.67615,121.431049
331000,331003,黄岩区,28.64488,121.262138
331000,331004,路桥区,28.581799,121.37292
331000,331022,三门县,29.118955,121.376429
331000,331023,天台县,29.141126,121.031227
331000,331024,仙居县,28.849213,120.735074
331000,331081,温岭市,28.368781,121.373611
331000,331082,临海市,28.845441,121.131229
331000,331083,玉环市,28.12842,121.232337
331100,331102,莲都区,28.451103,119.922293
331100,331121,青田县,28.135247,120.291939
331100,331122,缙云县,28.654208,120.078965
331100,331123,遂昌县,28.5924,119.27589
331100,331124,松阳县,28.449937,119.485292
331100,331125,云和县,28.111077,119.569458
331100,331126,庆元县,27.618231,119.067233
331100,331127,景宁畲族自治县,27.977247,119.634669
331100,331181,龙泉市,28.069177,119.132319
340100,340102,瑶海区,31.86961,117.315358
340100,340103,庐阳区,31.869011,117.283776
340100,340104,蜀山区,31.855868,117.262072
340100,340111,包河区,31.82956,117.285751
340100,340121,长丰县,32.478548,117.164699
340100,340122,肥东县,31.883992,117.463222
340100,340123,肥西县,31.719646,117.166118
340100,340124,庐江县,31.251488,117.289844
340100,340181,巢湖市,31.600518,117.874155
340200,340202,镜湖区,31.32559,118.376343
340200,340207,鸠江区,31.362716,118.400174
340200,340209,弋江区,31.313394,118.377476
340200,340210,湾沚区,31.145262,118.572301
340200,340211,繁昌区,31.080896,118.201349
340200,340223,南陵县,30.919638,118.337104
340200,340281,无为市,31.303075,117.911432
340300,340302,龙子湖区,32.950452,117.382312
340300,340303,蚌山区,32.938066,117.355789
340300,340304,禹会区,32.931933,117.35259
340300,340311,淮上区,32.963147,117.34709
340300,340321,怀远县,32.956934,117.200171
340300,340322,五河县,33.146202,117.888809
340300,340323,固镇县,33.318679,117.315962
340400,340402,大通区,32.632066,117.052927
340400,340403,田家庵区,32.644342,117.018318
340400,340404,谢家集区,32.598289,116.865354
340400,340405,八公山区,32.628229,116.841111
340400,340406,潘集区,32.782117,116.816879
340400,340421,凤台县,32.705382,116.722769
340400,340422,寿县,32.577304,116.785349
340500,340503,花山区,31.69902,118.511308
340500,340504,雨山区,31.685912,118.493104
340500,340506,博望区,31.562321,118.843742
340500,340521,当涂县,31.556167,118.489873
340500,340522,含山县,31.727758,118.105545
340500,340523,和县,31.716634,118.362998
340600,340602,杜集区,33.991218,116.833925
340600,340603,相山区,33.970916,116.790775
340600,340604,烈山区,33.889529,116.809465
340600,340621,濉溪县,33.916407,116.767435
340700,340705,铜官区,30.927613,117.816167
340700,340706,义安区,30.952338,117.792288
340700,340711,郊区,30.908927,117.80707
340700,340722,枞阳县,30.700615,117.222027
340800,340802,迎江区,30.506375,117.044965
340800,340803,大观区,30.505632,117.034512
340800,340811,宜秀区,30.541323,117.070003
340800,340822,怀宁县,30.734994,116.828664
340800,340825,太湖县,30.451869,116.305225
340800,340826,宿松县,30.158327,116.120204
340800,340827,望江县,30.12491,116.690927
340800,340828,岳西县,30.848502,116.360482
340800,340881,桐城市,31.050576,116.959656
340800,340882,潜山市,30.638222,116.573665
341000,341002,屯溪区,29.709186,118.317354
341000,341003,黄山区,30.294517,118.136639
341000,341004,徽州区,29.825201,118.339743
341000,341021,歙县,29.867748,118.428025
341000,341022,休宁县,29.788878,118.188531
341000,341023,黟县,29.923812,117.942911
341000,341024,祁门县,29.853472,117.717237
341100,341102,琅琊区,32.303797,118.316475
341100,341103,南谯区,32.329841,118.296955
341100,341122,来安县,32.450231,118.433293
341100,341124,全椒县,32.09385,118.268576
341100,341125,定远县,32.527105,117.683713
341100,341126,凤阳县,32.867146,117.562461
341100,341181,天长市,32.6815,119.011212
341100,341182,明光市,32.781206,117.998048
341200,341202,颍州区,32.891238,115.813914
341200,341203,颍东区,32.908861,115.858747
341200,341204,颍泉区,32.924797,115.804525
341200,341221,临泉县,33.062698,115.261688
341200,341222,太和县,33.16229,115.627243
341200,341225,阜南县,32.638102,115.590534
341200,341226,颍上县,32.637065,116.259122
341200,341282,界首市,33.26153,115.362117
341300,341302,埇桥区,33.633853,116.983309
341300,341321,砀山县,34.426247,116.351113
341300,341322,萧县,34.183266,116.945399
341300,341323,灵璧县,33.540629,117.551493
341300,341324,泗县,33.47758,117.885443
341500,341502,金安区,31.754491,116.503288
341500,341503,裕安区,31.750692,116.494543
341500,341504,叶集区,31.84768,115.913594
341500,341522,霍邱县,32.341305,116.278875
341500,341523,舒城县,31.462848,116.944088
341500,341524,金寨县,31.681624,115.878514
341500,341525,霍山县,31.402456,116.333078
341600,341602,谯城区,33.869284,115.781214
341600,341621,涡阳县,33.502831,116.211551
341600,341622,蒙城县,33.260814,116.560337
341600,341623,利辛县,33.143503,116.207782
341700,341702,贵池区,30.657378,117.488342
341700,341721,东至县,30.096568,117.021476
341700,341722,石台县,30.210324,117.482907
341700,341723,青阳县,30.63818,117.857395
341800,341802,宣州区,30.946003,118.758412
341800,341821,郎溪县,31.127834,119.185024
341800,341823,泾县,30.685975,118.412397
341800,341824,绩溪县,30.065267,118.594705
341800,341825,旌德县,30.288057,118.543081
341800,341881,宁国市,30.626529,118.983407
341800,341882,广德市,30.893116,119.417521
350100,350102,鼓楼区,26.082284,119.29929
350100,350103,台江区,26.058616,119.310156
350100,350104,仓山区,26.038912,119.320988
350100,350105,马尾区,25.991975,119.458725
350100,350111,晋安区,26.078837,119.328597
350100,350112,长乐区,25.960583,119.510849
350100,350121,闽侯县,26.148567,119.145117
350100,350122,连江县,26.202109,119.538365
350100,350123,罗源县,26.487234,119.552645
350100,350124,闽清县,26.223793,118.868416
350100,350125,永泰县,25.864825,118.939089
350100,350128,平潭县,25.503672,119.791197
350100,350181,福清市,25.720402,119.376992
350200,350203,思明区,24.462059,118.087828
350200,350205,海沧区,24.492512,118.036364
350200,350206,湖里区,24.512764,118.10943
350200,350211,集美区,24.572874,118.100869
350200,350212,同安区,24.729333,118.150455
350200,350213,翔安区,24.637479,118.242811
350300,350302,城厢区,25.433737,119.001028
350300,350303,涵江区,25.459273,119.119102
350300,350304,荔城区,25.430047,119.020047
350300,350305,秀屿区,25.316141,119.092607
350300,350322,仙游县,25.356529,118.694331
350400,350403,三元区,26.234191,117.607418
350400,350421,明溪县,26.357375,117.201845
350400,350423,清流县,26.17761,116.815821
350400,350424,宁化县,26.259932,116.659725
350400,350425,大田县,25.690803,117.849355
350400,350426,尤溪县,26.169261,118.188577
350400,350427,沙县区,26.397361,117.789095
350400,350428,将乐县,26.728667,117.473558
350400,350429,泰宁县,26.897995,117.177522
350400,350430,建宁县,26.831398,116.845832
350400,350481,永安市,25.974075,117.364447
350500,350502,鲤城区,24.907645,118.588929
350500,350503,丰泽区,24.896041,118.605147
350500,350504,洛江区,24.941153,118.670312
350500,350505,泉港区,25.126859,118.912285
350500,350521,惠安县,25.028718,118.798954
350500,350524,安溪县,25.056824,118.186014
350500,350525,永春县,25.320721,118.29503
350500,350526,德化县,25.489004,118.242986
350500,350527,金门县,24.436417,118.323221
350500,350581,石狮市,24.731978,118.628402
350500,350582,晋江市,24.807322,118.577338
350500,350583,南安市,24.959494,118.387031
350600,350602,芗城区,24.509955,117.656461
350600,350603,龙文区,24.515656,117.671387
350600,350622,云霄县,23.950486,117.340946
350600,350623,漳浦县,24.117907,117.614023
350600,350624,诏安县,23.710834,117.176083
350600,350625,长泰区,24.621475,117.755913
350600,350626,东山县,23.702845,117.427679
350600,350627,南靖县,24.516425,117.365462
350600,350628,平和县,24.366158,117.313549
350600,350629,华安县,25.001416,117.53631
350600,350681,龙海区,24.445341,117.817292
350700,350702,延平区,26.636079,118.178918
350700,350703,建阳区,27.332067,118.12267
350700,350721,顺昌县,26.792851,117.80771
350700,350722,浦城县,27.920412,118.536822
350700,350723,光泽县,27.542803,117.337897
350700,350724,松溪县,27.525785,118.783491
350700,350725,政和县,27.365398,118.858661
350700,350781,邵武市,27.337952,117.491544
350700,350782,武夷山市,27.751733,118.032796
350700,350783,建瓯市,27.03502,118.321765
350800,350802,新罗区,25.0918,117.030721
350800,350803,永定区,24.720442,116.732691
350800,350821,长汀县,25.842278,116.361007
350800,350823,上杭县,25.050019,116.424774
350800,350824,武平县,25.08865,116.100928
350800,350825,连城县,25.708506,116.756687
350800,350881,漳平市,25.291597,117.42073
350900,350902,蕉城区,26.659253,119.527225
350900,350921,霞浦县,26.882068,120.005214
350900,350922,古田县,26.577491,118.743156
350900,350923,屏南县,26.910826,118.987544
350900,350924,寿宁县,27.457798,119.506733
350900,350925,周宁县,27.103106,119.338239
350900,350926,柘荣县,27.236163,119.898226
350900,350981,福安市,27.084246,119.650798
350900,350982,福鼎市,27.318884,120.219761
360100,360102,东湖区,28.682988,115.889675
360100,360103,西湖区,28.662901,115.91065
360100,360104,青云谱区,28.635724,115.907292
360100,360111,青山湖区,28.689292,115.949044
360100,360112,新建区,28.690788,115.820806
360100,360113,红谷滩区,28.69819928,115.8580521
360100,360121,南昌县,28.543781,115.942465
360100,360123,安义县,28.841334,115.553109
360100,360124,进贤县,28.365681,116.267671
360200,360202,昌江区,29.288465,117.195023
360200,360203,珠山区,29.292812,117.214814
360200,360222,浮梁县,29.352251,117.217611
360200,360281,乐平市,28.967361,117.129376
360300,360302,安源区,27.625826,113.855044
360300,360313,湘东区,27.639319,113.7456
360300,360321,莲花县,27.127807,113.955582
360300,360322,上栗县,27.877041,113.800525
360300,360323,芦溪县,27.633633,114.041206
360400,360402,濂溪区,29.676175,115.99012
360400,360403,浔阳区,29.72465,115.995947
360400,360404,柴桑区,29.610264,115.892977
360400,360423,武宁县,29.260182,115.105646
360400,360424,修水县,29.032729,114.573428
360400,360425,永修县,29.018212,115.809055
360400,360426,德安县,29.327474,115.762611
360400,360428,都昌县,29.275105,116.205114
360400,360429,湖口县,29.7263,116.244313
360400,360430,彭泽县,29.898865,116.55584
360400,360481,瑞昌市,29.676599,115.669081
360400,360482,共青城市,29.247884,115.805712
360400,360483,庐山市,29.456169,116.043743
360500,360502,渝水区,27.819171,114.923923
360500,360521,分宜县,27.811301,114.675262
360600,360602,月湖区,28.239076,117.034112
360600,360603,余江区,28.206177,116.822763
360600,360681,贵溪市,28.283693,117.212103
360700,360702,章贡区,25.851367,114.93872
360700,360703,南康区,25.661721,114.756933
360700,360704,赣县区,25.865432,115.018461
360700,360722,信丰县,25.38023,114.930893
360700,360723,大余县,25.395937,114.362243
360700,360724,上犹县,25.794284,114.540537
360700,360725,崇义县,25.687911,114.307348
360700,360726,安远县,25.134591,115.392328
360700,360728,定南县,24.774277,115.03267
360700,360729,全南县,24.742651,114.531589
360700,360730,宁都县,26.472054,116.018782
360700,360731,于都县,25.955033,115.411198
360700,360732,兴国县,26.330489,115.351896
360700,360733,会昌县,25.599125,115.791158
360700,360734,寻乌县,24.954136,115.651399
360700,360735,石城县,26.326582,116.342249
360700,360781,瑞金市,25.875278,116.034854
360700,360783,龙南市,24.90476,114.792657
360800,360802,吉州区,27.112367,114.987331
360800,360803,青原区,27.105879,115.016306
360800,360821,吉安县,27.040042,114.905117
360800,360822,吉水县,27.213445,115.134569
360800,360823,峡江县,27.580862,115.319331
360800,360824,新干县,27.755758,115.399294
360800,360825,永丰县,27.321087,115.435559
360800,360826,泰和县,26.790164,114.901393
360800,360827,遂川县,26.323705,114.51689
360800,360828,万安县,26.462085,114.784694
360800,360829,安福县,27.382746,114.61384
360800,360830,永新县,26.944721,114.242534
360800,360881,井冈山市,26.745919,114.284421
360900,360902,袁州区,27.800117,114.387379
360900,360921,奉新县,28.700672,115.389899
360900,360922,万载县,28.104528,114.449012
360900,360923,上高县,28.234789,114.932653
360900,360924,宜丰县,28.388289,114.787381
360900,360925,靖安县,28.86054,115.361744
360900,360926,铜鼓县,28.520956,114.37014
360900,360981,丰城市,28.191584,115.786005
360900,360982,樟树市,28.055898,115.543388
360900,360983,高安市,28.420951,115.381527
361000,361002,临川区,27.981919,116.361404
361000,361003,东乡区,28.2325,116.605341
361000,361021,南城县,27.55531,116.63945
361000,361022,黎川县,27.292561,116.91457
361000,361023,南丰县,27.210132,116.532994
361000,361024,崇仁县,27.760907,116.059109
361000,361025,乐安县,27.420101,115.838432
361000,361026,宜黄县,27.546512,116.223023
361000,361027,金溪县,27.907387,116.778751
361000,361028,资溪县,27.70653,117.066095
361000,361030,广昌县,26.838426,116.327291
361100,361102,信州区,28.445378,117.970522
361100,361103,广丰区,28.440285,118.189852
361100,361104,广信区,28.453897,117.90612
361100,361123,玉山县,28.673479,118.244408
361100,361124,铅山县,28.310892,117.711906
361100,361125,横峰县,28.415103,117.608247
361100,361126,弋阳县,28.402391,117.435002
361100,361127,余干县,28.69173,116.691072
361100,361128,鄱阳县,28.993374,116.673748
361100,361129,万年县,28.692589,117.07015
361100,361130,婺源县,29.254015,117.86219
361100,361181,德兴市,28.945034,117.578732
370100,370102,历下区,36.664169,117.03862
370100,370103,市中区,36.657354,116.99898
370100,370104,槐荫区,36.668205,116.947921
370100,370105,天桥区,36.693374,116.996086
370100,370112,历城区,36.681744,117.063744
370100,370113,长清区,36.561049,116.74588
370100,370114,章丘区,36.71209,117.54069
370100,370115,济阳区,36.976771,117.176035
370100,370116,莱芜区,36.214395,117.675808
370100,370117,钢城区,36.058038,117.82033
370100,370124,平阴县,36.286923,116.455054
370100,370126,商河县,37.310544,117.156369
370200,370202,市南区,36.070892,120.395966
370200,370203,市北区,36.083819,120.355026
370200,370211,黄岛区,35.875138,119.995518
370200,370212,崂山区,36.102569,120.467393
370200,370213,李沧区,36.160023,120.421236
370200,370214,城阳区,36.306833,120.389135
370200,370215,即墨区,36.390847,120.447352
370200,370281,胶州市,36.285878,120.006202
370200,370283,平度市,36.788828,119.959012
370200,370285,莱西市,36.86509,120.526226
370300,370302,淄川区,36.647272,117.967696
370300,370303,张店区,36.807049,118.053521
370300,370304,博山区,36.497567,117.85823
370300,370305,临淄区,36.816657,118.306018
370300,370306,周村区,36.803699,117.851036
370300,370321,桓台县,36.959773,118.101556
370300,370322,高青县,37.169581,117.829839
370300,370323,沂源县,36.186282,118.166161
370400,370402,市中区,34.856651,117.557281
370400,370403,薛城区,34.79789,117.265293
370400,370404,峄城区,34.767713,117.586316
370400,370405,台儿庄区,34.564815,117.734747
370400,370406,山亭区,35.096077,117.458968
370400,370481,滕州市,35.088498,117.162098
370500,370502,东营区,37.461567,118.507543
370500,370503,河口区,37.886015,118.529613
370500,370505,垦利区,37.588679,118.551314
370500,370522,利津县,37.493365,118.248854
370500,370523,广饶县,37.05161,118.407522
370600,370602,芝罘区,37.540925,121.385877
370600,370611,福山区,37.496875,121.264741
370600,370612,牟平区,37.388356,121.60151
370600,370613,莱山区,37.473549,121.448866
370600,370614,蓬莱区,37.811045,120.759074
370600,370681,龙口市,37.648446,120.528328
370600,370682,莱阳市,36.977037,120.711151
370600,370683,莱州市,37.182725,119.942135
370600,370685,招远市,37.364919,120.403142
370600,370686,栖霞市,37.305854,120.834097
370600,370687,海阳市,36.780657,121.168392
370700,370702,潍城区,36.710062,119.103784
370700,370703,寒亭区,36.772103,119.207866
370700,370704,坊子区,36.654616,119.166326
370700,370705,奎文区,36.709494,119.137357
370700,370724,临朐县,36.516371,118.539876
370700,370725,昌乐县,36.703253,118.839995
370700,370781,青州市,36.697855,118.484693
370700,370782,诸城市,35.997093,119.403182
370700,370783,寿光市,36.874411,118.736451
370700,370784,安丘市,36.427417,119.206886
370700,370785,高密市,36.37754,119.757033
370700,370786,昌邑市,36.854937,119.394502
370800,370811,任城区,35.414828,116.595261
370800,370812,兖州区,35.556445,116.828996
370800,370826,微山县,34.809525,117.12861
370800,370827,鱼台县,34.997706,116.650023
370800,370828,金乡县,35.06977,116.310364
370800,370829,嘉祥县,35.398098,116.342885
370800,370830,汶上县,35.721746,116.487146
370800,370831,泗水县,35.653216,117.273605
370800,370832,梁山县,35.801843,116.08963
370800,370881,曲阜市,35.592788,116.991885
370800,370883,邹城市,35.405259,116.96673
370900,370902,泰山区,36.189313,117.129984
370900,370911,岱岳区,36.1841,117.04353
370900,370921,宁阳县,35.76754,116.799297
370900,370923,东平县,35.930467,116.461052
370900,370982,新泰市,35.910387,117.766092
370900,370983,肥城市,36.1856,116.763703
371000,371002,环翠区,37.510754,122.116189
371000,371003,文登区,37.196211,122.057139
371000,371082,荣成市,37.160134,122.422896
371000,371083,乳山市,36.919622,121.536346
371100,371102,东港区,35.426152,119.457703
371100,371103,岚山区,35.119794,119.315844
371100,371121,五莲县,35.751936,119.206745
371100,371122,莒县,35.588115,118.832859
371300,371302,兰山区,35.061631,118.327667
371300,371311,罗庄区,34.997204,118.284795
371300,371312,河东区,35.085004,118.398296
371300,371321,沂南县,35.547002,118.455395
371300,371322,郯城县,34.614741,118.342963
371300,371323,沂水县,35.787029,118.634543
371300,371324,兰陵县,34.855573,118.049968
371300,371325,费县,35.269174,117.968869
371300,371326,平邑县,35.511519,117.631884
371300,371327,莒南县,35.175911,118.838322
371300,371328,蒙阴县,35.712435,117.943271
371300,371329,临沭县,34.917062,118.648379
371400,371402,德城区,37.453923,116.307076
371400,371403,陵城区,37.332848,116.574929
371400,371422,宁津县,37.649619,116.79372
371400,371423,庆云县,37.777724,117.390507
371400,371424,临邑县,37.192044,116.867028
371400,371425,齐河县,36.795497,116.758394
371400,371426,平原县,37.164465,116.433904
371400,371427,夏津县,36.950501,116.003816
371400,371428,武城县,37.209527,116.078627
371400,371481,乐陵市,37.729115,117.216657
371400,371482,禹城市,36.934485,116.642554
371500,371502,东昌府区,36.45606,115.980023
371500,371503,茌平区,36.591934,116.25335
371500,371521,阳谷县,36.113708,115.784287
371500,371522,莘县,36.237597,115.667291
371500,371524,东阿县,36.336004,116.248855
371500,371525,冠县,36.483753,115.444808
371500,371526,高唐县,36.859755,116.229662
371500,371581,临清市,36.842598,115.713462
371600,371602,滨城区,37.384842,118.020149
371600,371603,沾化区,37.698456,118.129902
371600,371621,惠民县,37.483876,117.508941
371600,371622,阳信县,37.640492,117.581326
371600,371623,无棣县,37.740848,117.616325
371600,371625,博兴县,37.147002,118.123096
371600,371681,邹平市,36.87803,117.736807
371700,371702,牡丹区,35.24311,115.470946
371700,371703,定陶区,35.072701,115.569601
371700,371721,曹县,34.823253,115.549482
371700,371722,单县,34.790851,116.08262
371700,371723,成武县,34.947366,115.897349
371700,371724,巨野县,35.390999,116.089341
371700,371725,郓城县,35.594773,115.93885
371700,371726,鄄城县,35.560257,115.51434
371700,371728,东明县,35.289637,115.098412
410100,410102,中原区,34.748286,113.611576
410100,410103,二七区,34.730936,113.645422
410100,410104,管城回族区,34.746453,113.685313
410100,410105,金水区,34.775838,113.686037
410100,410106,上街区,34.808689,113.298282
410100,410108,惠济区,34.828591,113.61836
410100,410122,中牟县,34.721976,114.022521
410100,410181,巩义市,34.75218,112.98283
410100,410182,荥阳市,34.789077,113.391523
410100,410183,新密市,34.537846,113.380616
410100,410184,新郑市,34.394219,113.73967
410100,410185,登封市,34.459939,113.037768
410200,410202,龙亭区,34.799833,114.353348
410200,410203,顺河回族区,34.800459,114.364875
410200,410204,鼓楼区,34.792383,114.3485
410200,410205,禹王台区,34.779727,114.350246
410200,410212,祥符区,34.756476,114.437622
410200,410221,杞县,34.554585,114.770472
410200,410222,通许县,34.477302,114.467734
410200,410223,尉氏县,34.412256,114.193927
410200,410225,兰考县,34.829899,114.820572
410300,410302,老城区,34.682945,112.477298
410300,410303,西工区,34.667847,112.443232
410300,410304,瀍河回族区,34.684738,112.491625
410300,410305,涧西区,34.654251,112.399243
410300,410306,孟津区,34.826485,112.443892
410300,410311,洛龙区,34.618557,112.456634
410300,410323,新安县,34.728679,112.141403
410300,410324,栾川县,33.783195,111.618386
410300,410325,嵩县,34.131563,112.087765
410300,410326,汝阳县,34.15323,112.473789
410300,410327,宜阳县,34.516478,112.179989
410300,410328,洛宁县,34.387179,111.655399
410300,410329,伊川县,34.423416,112.429384
410300,410381,偃师区,34.723042,112.787739
410400,410402,新华区,33.737579,113.299061
410400,410403,卫东区,33.739285,113.310327
410400,410404,石龙区,33.901538,112.889885
410400,410411,湛河区,33.725681,113.320873
410400,410421,宝丰县,33.866359,113.066812
410400,410422,叶县,33.621252,113.358298
410400,410423,鲁山县,33.740325,112.906703
410400,410425,郏县,33.971993,113.220451
410400,410481,舞钢市,33.302082,113.52625
410400,410482,汝州市,34.167408,112.845336
410500,410502,文峰区,36.098101,114.352562
410500,410503,北关区,36.10978,114.352646
410500,410505,殷都区,36.108974,114.300098
410500,410506,龙安区,36.095568,114.323522
410500,410522,安阳县,36.130585,114.130207
410500,410523,汤阴县,35.922349,114.362357
410500,410526,滑县,35.574628,114.524
410500,410527,内黄县,35.953702,114.904582
410500,410581,林州市,36.063403,113.823767
410600,410602,鹤山区,35.936128,114.166551
410600,410603,山城区,35.896058,114.184202
410600,410611,淇滨区,35.748382,114.293917
410600,410621,浚县,35.671282,114.550162
410600,410622,淇县,35.609478,114.200379
410700,410702,红旗区,35.302684,113.878158
410700,410703,卫滨区,35.304905,113.866065
410700,410704,凤泉区,35.379855,113.906712
410700,410711,牧野区,35.312974,113.89716
410700,410721,新乡县,35.190021,113.806186
410700,410724,获嘉县,35.261685,113.657249
410700,410725,原阳县,35.054001,113.965966
410700,410726,延津县,35.149515,114.200982
410700,410727,封丘县,35.04057,114.423405
410700,410781,卫辉市,35.404295,114.065855
410700,410782,辉县市,35.461318,113.802518
410700,410783,长垣市,35.19615,114.673807
410800,410802,解放区,35.241353,113.226126
410800,410803,中站区,35.236145,113.175485
410800,410804,马村区,35.265453,113.321703
410800,410811,山阳区,35.21476,113.26766
410800,410821,修武县,35.229923,113.447465
410800,410822,博爱县,35.170351,113.069313
410800,410823,武陟县,35.09885,113.408334
410800,410825,温县,34.941233,113.079118
410800,410882,沁阳市,35.08901,112.934538
410800,410883,孟州市,34.90963,112.78708
410900,410902,华龙区,35.760473,115.03184
410900,410922,清丰县,35.902413,115.107287
410900,410923,南乐县,36.075204,115.204336
410900,410926,范县,35.851977,115.504212
410900,410927,台前县,35.996474,115.855681
410900,410928,濮阳县,35.710349,115.023844
411000,411002,魏都区,34.02711,113.828307
411000,411003,建安区,34.005018,113.842898
411000,411024,鄢陵县,34.100502,114.188507
411000,411025,襄城县,33.855943,113.493166
411000,411081,禹州市,34.154403,113.471316
411000,411082,长葛市,34.219257,113.768912
411100,411102,源汇区,33.565441,114.017948
411100,411103,郾城区,33.588897,114.016813
411100,411104,召陵区,33.567555,114.051686
411100,411121,舞阳县,33.436278,113.610565
411100,411122,临颍县,33.80609,113.938891
411200,411202,湖滨区,34.77812,111.19487
411200,411203,陕州区,34.720244,111.103851
411200,411221,渑池县,34.763487,111.762992
411200,411224,卢氏县,34.053995,111.052649
411200,411281,义马市,34.746868,111.869417
411200,411282,灵宝市,34.521264,110.88577
411300,411302,宛城区,32.994857,112.544591
411300,411303,卧龙区,32.989877,112.528789
411300,411321,南召县,33.488617,112.435583
411300,411322,方城县,33.255138,113.010933
411300,411323,西峡县,33.302981,111.485772
411300,411324,镇平县,33.036651,112.232722
411300,411325,内乡县,33.046358,111.843801
411300,411326,淅川县,33.136106,111.489026
411300,411327,社旗县,33.056126,112.938279
411300,411328,唐河县,32.687892,112.838492
411300,411329,新野县,32.524006,112.365624
411300,411330,桐柏县,32.367153,113.406059
411300,411381,邓州市,32.681642,112.092716
411400,411402,梁园区,34.436553,115.65459
411400,411403,睢阳区,34.390536,115.653813
411400,411421,民权县,34.648455,115.148146
411400,411422,睢县,34.428433,115.070109
411400,411423,宁陵县,34.449299,115.320055
411400,411424,柘城县,34.075277,115.307433
411400,411425,虞城县,34.399634,115.863811
411400,411426,夏邑县,34.240894,116.13989
411400,411481,永城市,33.931318,116.449672
411500,411502,浉河区,32.123274,114.075031
411500,411503,平桥区,32.098395,114.126027
411500,411521,罗山县,32.203206,114.533414
411500,411522,光山县,32.010398,114.903577
411500,411523,新县,31.63515,114.87705
411500,411524,商城县,31.799982,115.406297
411500,411525,固始县,32.183074,115.667328
411500,411526,潢川县,32.134024,115.050123
411500,411527,淮滨县,32.452639,115.415451
411500,411528,息县,32.344744,114.740713
411600,411602,川汇区,33.614836,114.652136
411600,411603,淮阳区,33.732547,114.870166
411600,411621,扶沟县,34.054061,114.392008
411600,411622,西华县,33.784378,114.530067
411600,411623,商水县,33.543845,114.60927
411600,411624,沈丘县,33.395514,115.078375
411600,411625,郸城县,33.643852,115.189
411600,411627,太康县,34.065312,114.853834
411600,411628,鹿邑县,33.861067,115.486386
411600,411681,项城市,33.443085,114.899521
411700,411702,驿城区,32.977559,114.029149
411700,411721,西平县,33.382315,114.026864
411700,411722,上蔡县,33.264719,114.266892
411700,411723,平舆县,32.955626,114.637105
411700,411724,正阳县,32.601826,114.38948
411700,411725,确山县,32.801538,114.026679
411700,411726,泌阳县,32.725129,113.32605
411700,411727,汝南县,33.004535,114.359495
411700,411728,遂平县,33.14698,114.00371
411700,411729,新蔡县,32.749948,114.975246
420100,420102,江岸区,30.594911,114.30304
420100,420103,江汉区,30.578771,114.283109
420100,420104,硚口区,30.57061,114.264568
420100,420105,汉阳区,30.549326,114.265807
420100,420106,武昌区,30.546536,114.307344
420100,420107,青山区,30.634215,114.39707
420100,420111,洪山区,30.504259,114.400718
420100,420112,东西湖区,30.622467,114.142483
420100,420113,汉南区,30.309637,114.08124
420100,420114,蔡甸区,30.582186,114.029341
420100,420115,江夏区,30.349045,114.313961
420100,420116,黄陂区,30.874155,114.374025
420100,420117,新洲区,30.842149,114.802108
420200,420202,黄石港区,30.212086,115.090164
420200,420203,西塞山区,30.205365,115.093354
420200,420204,下陆区,30.177845,114.975755
420200,420205,铁山区,30.20601,114.901366
420200,420222,阳新县,29.841572,115.212883
420200,420281,大冶市,30.098804,114.974842
420300,420302,茅箭区,32.644463,110.78621
420300,420303,张湾区,32.652516,110.772365
420300,420304,郧阳区,32.838267,110.812099
420300,420322,郧西县,32.991457,110.426472
420300,420323,竹山县,32.22586,110.2296
420300,420324,竹溪县,32.315342,109.717196
420300,420325,房县,32.055002,110.741966
420300,420381,丹江口市,32.538839,111.513793
420500,420502,西陵区,30.702476,111.295468
420500,420503,伍家岗区,30.679053,111.307215
420500,420504,点军区,30.692322,111.268163
420500,420505,猇亭区,30.530744,111.427642
420500,420506,夷陵区,30.770199,111.326747
420500,420525,远安县,31.059626,111.64331
420500,420526,兴山县,31.34795,110.754499
420500,420527,秭归县,30.823908,110.976785
420500,420528,长阳土家族自治县,30.466534,111.198475
420500,420529,五峰土家族自治县,30.199252,110.674938
420500,420581,宜都市,30.387234,111.454367
420500,420582,当阳市,30.824492,111.793419
420500,420583,枝江市,30.425364,111.751799
420600,420602,襄城区,32.015088,112.150327
420600,420606,樊城区,32.058589,112.13957
420600,420607,襄州区,32.085517,112.197378
420600,420624,南漳县,31.77692,111.844424
420600,420625,谷城县,32.262676,111.640147
420600,420626,保康县,31.873507,111.262235
420600,420682,老河口市,32.385438,111.675732
420600,420683,枣阳市,32.123083,112.765268
420600,420684,宜城市,31.709203,112.261441
420700,420702,梁子湖区,30.098191,114.681967
420700,420703,华容区,30.534468,114.74148
420700,420704,鄂城区,30.39669,114.890012
420800,420802,东宝区,31.033461,112.204804
420800,420804,掇刀区,30.980798,112.198413
420800,420822,沙洋县,30.70359,112.595218
420800,420881,钟祥市,31.165573,112.587267
420800,420882,京山市,31.022457,113.114595
420900,420902,孝南区,30.925966,113.925849
420900,420921,孝昌县,31.251618,113.988964
420900,420922,大悟县,31.565483,114.126249
420900,420923,云梦县,31.021691,113.750616
420900,420981,应城市,30.939038,113.573842
420900,420982,安陆市,31.26174,113.690401
420900,420984,汉川市,30.652165,113.835301
421000,421002,沙市区,30.315895,112.257433
421000,421003,荆州区,30.350674,112.195354
421000,421022,公安县,30.059065,112.230179
421000,421023,监利市,29.820079,112.904344
421000,421024,江陵县,30.033919,112.41735
421000,421081,石首市,29.716437,112.40887
421000,421083,洪湖市,29.81297,113.470304
421000,421087,松滋市,30.176037,111.77818
421100,421102,黄州区,30.447435,114.878934
421100,421121,团风县,30.63569,114.872029
421100,421122,红安县,31.284777,114.615095
421100,421123,罗田县,30.781679,115.398984
421100,421124,英山县,30.735794,115.67753
421100,421125,浠水县,30.454837,115.26344
421100,421126,蕲春县,30.234927,115.433964
421100,421127,黄梅县,30.075113,115.942548
421100,421181,麻城市,31.177906,115.02541
421100,421182,武穴市,29.849342,115.56242
421200,421202,咸安区,29.824716,114.333894
421200,421221,嘉鱼县,29.973363,113.921547
421200,421222,通城县,29.246076,113.814131
421200,421223,崇阳县,29.54101,114.049958
421200,421224,通山县,29.604455,114.493163
421200,421281,赤壁市,29.716879,113.88366
421300,421303,曾都区,31.717521,113.374519
421300,421321,随县,31.854246,113.301384
421300,421381,广水市,31.617731,113.826601
422800,422801,恩施市,30.282406,109.486761
422800,422802,利川市,30.294247,108.943491
422800,422822,建始县,30.601632,109.723822
422800,422823,巴东县,31.041403,110.336665
422800,422825,宣恩县,29.98867,109.482819
422800,422826,咸丰县,29.678967,109.15041
422800,422827,来凤县,29.506945,109.408328
422800,422828,鹤峰县,29.887298,110.033699
430100,430102,芙蓉区,28.193106,112.988094
430100,430103,天心区,28.192375,112.97307
430100,430104,岳麓区,28.213044,112.911591
430100,430105,开福区,28.201336,112.985525
430100,430111,雨花区,28.109937,113.016337
430100,430112,望城区,28.347458,112.819549
430100,430121,长沙县,28.237888,113.080098
430100,430181,浏阳市,28.141112,113.633301
430100,430182,宁乡市,28.253928,112.553182
430200,430202,荷塘区,27.833036,113.162548
430200,430203,芦淞区,27.827246,113.155169
430200,430204,石峰区,27.871945,113.11295
430200,430211,天元区,27.826909,113.136252
430200,430212,渌口区,27.705844,113.146175
430200,430223,攸县,27.000071,113.345774
430200,430224,茶陵县,26.789534,113.546509
430200,430225,炎陵县,26.489459,113.776884
430200,430281,醴陵市,27.657873,113.507157
430300,430302,雨湖区,27.86077,112.907427
430300,430304,岳塘区,27.828854,112.927707
430300,430321,湘潭县,27.778601,112.952829
430300,430381,湘乡市,27.734918,112.525217
430300,430382,韶山市,27.922682,112.52848
430400,430405,珠晖区,26.891063,112.626324
430400,430406,雁峰区,26.893694,112.612241
430400,430407,石鼓区,26.903908,112.607635
430400,430408,蒸湘区,26.89087,112.570608
430400,430412,南岳区,27.240536,112.734147
430400,430421,衡阳县,26.962388,112.379643
430400,430422,衡南县,26.739973,112.677459
430400,430423,衡山县,27.234808,112.86971
430400,430424,衡东县,27.083531,112.950412
430400,430426,祁东县,26.787109,112.111192
430400,430481,耒阳市,26.414162,112.847215
430400,430482,常宁市,26.406773,112.396821
430500,430502,双清区,27.240001,111.479756
430500,430503,大祥区,27.233593,111.462968
430500,430511,北塔区,27.245688,111.452315
430500,430522,新邵县,27.311429,111.459762
430500,430523,邵阳县,26.989713,111.2757
430500,430524,隆回县,27.116002,111.038785
430500,430525,洞口县,27.062286,110.579212
430500,430527,绥宁县,26.580622,110.155075
430500,430528,新宁县,26.438912,110.859115
430500,430529,城步苗族自治县,26.363575,110.313226
430500,430581,武冈市,26.732086,110.636804
430500,430582,邵东市,27.257273,111.743168
430600,430602,岳阳楼区,29.366784,113.120751
430600,430603,云溪区,29.473395,113.27387
430600,430611,君山区,29.438062,113.004082
430600,430621,岳阳县,29.144843,113.116073
430600,430623,华容县,29.524107,112.559369
430600,430624,湘阴县,28.677498,112.889748
430600,430626,平江县,28.701523,113.593751
430600,430681,汨罗市,28.803149,113.079419
430600,430682,临湘市,29.471594,113.450809
430700,430702,武陵区,29.040477,111.690718
430700,430703,鼎城区,29.014426,111.685327
430700,430721,安乡县,29.414483,112.172289
430700,430722,汉寿县,28.907319,111.968506
430700,430723,澧县,29.64264,111.761682
430700,430724,临澧县,29.443217,111.645602
430700,430725,桃源县,28.902734,111.484503
430700,430726,石门县,29.584703,111.379087
430700,430781,津市市,29.630867,111.879609
430800,430802,永定区,29.125961,110.484559
430800,430811,武陵源区,29.347827,110.54758
430800,430821,慈利县,29.423876,111.132702
430800,430822,桑植县,29.399939,110.164039
430900,430902,资阳区,28.592771,112.33084
430900,430903,赫山区,28.568327,112.360946
430900,430921,南县,29.372181,112.410399
430900,430922,桃江县,28.520993,112.139732
430900,430923,安化县,28.377421,111.221824
430900,430981,沅江市,28.839713,112.361088
431000,431002,北湖区,25.792628,113.032208
431000,431003,苏仙区,25.793157,113.038698
431000,431021,桂阳县,25.737447,112.734466
431000,431022,宜章县,25.394345,112.947884
431000,431023,永兴县,26.129392,113.114819
431000,431024,嘉禾县,25.587309,112.370618
431000,431025,临武县,25.279119,112.564589
431000,431026,汝城县,25.553759,113.685686
431000,431027,桂东县,26.073917,113.945879
431000,431028,安仁县,26.708625,113.27217
431000,431081,资兴市,25.974152,113.23682
431100,431102,零陵区,26.223347,111.626348
431100,431103,冷水滩区,26.434364,111.607156
431100,431121,祁阳市,26.585929,111.85734
431100,431122,东安县,26.397278,111.313035
431100,431123,双牌县,25.959397,111.662146
431100,431124,道县,25.518444,111.591614
431100,431125,江永县,25.268154,111.346803
431100,431126,宁远县,25.584112,111.944529
431100,431127,蓝山县,25.375255,112.194195
431100,431128,新田县,25.906927,112.220341
431100,431129,江华瑶族自治县,25.182596,111.577276
431200,431202,鹤城区,27.548474,109.982242
431200,431221,中方县,27.43736,109.948061
431200,431222,沅陵县,28.455554,110.399161
431200,431223,辰溪县,28.005474,110.196953
431200,431224,溆浦县,27.903802,110.593373
431200,431225,会同县,26.870789,109.720785
431200,431226,麻阳苗族自治县,27.865991,109.802807
431200,431227,新晃侗族自治县,27.359897,109.174443
431200,431228,芷江侗族自治县,27.437996,109.687777
431200,431229,靖州苗族侗族自治县,26.573511,109.691159
431200,431230,通道侗族自治县,26.158349,109.783359
431200,431281,洪江市,27.201876,109.831765
431300,431302,娄星区,27.726643,112.008486
431300,431321,双峰县,27.459126,112.198245
431300,431322,新化县,27.737456,111.306747
431300,431381,冷水江市,27.685759,111.434674
431300,431382,涟源市,27.692301,111.670847
433100,433101,吉首市,28.314827,109.738273
433100,433122,泸溪县,28.214516,110.214428
433100,433123,凤凰县,27.948308,109.599191
433100,433124,花垣县,28.581352,109.479063
433100,433125,保靖县,28.709605,109.651445
433100,433126,古丈县,28.616973,109.949592
433100,433127,永顺县,28.998068,109.853292
433100,433130,龙山县,29.453438,109.441189
440100,440103,荔湾区,23.124943,113.243038
440100,440104,越秀区,23.125624,113.280714
440100,440105,海珠区,23.103131,113.262008
440100,440106,天河区,23.13559,113.335367
440100,440111,白云区,23.162281,113.262831
440100,440112,黄埔区,23.103239,113.450761
440100,440113,番禺区,22.938582,113.364619
440100,440114,花都区,23.39205,113.211184
440100,440115,南沙区,22.794531,113.53738
440100,440117,从化区,23.545283,113.587386
440100,440118,增城区,23.290497,113.829579
440200,440203,武江区,24.80016,113.588289
440200,440204,浈江区,24.803977,113.599224
440200,440205,曲江区,24.680195,113.605582
440200,440222,始兴县,24.948364,114.067205
440200,440224,仁化县,25.088226,113.748627
440200,440229,翁源县,24.353887,114.131289
440200,440232,乳源瑶族自治县,24.776109,113.278417
440200,440233,新丰县,24.055412,114.207034
440200,440281,乐昌市,25.128445,113.352413
440200,440282,南雄市,25.115328,114.311231
440300,440303,罗湖区,22.555341,114.123885
440300,440304,福田区,22.541009,114.05096
440300,440305,南山区,22.531221,113.92943
440300,440306,宝安区,22.754741,113.828671
440300,440307,龙岗区,22.721511,114.251372
440300,440308,盐田区,22.555069,114.235366
440300,440309,龙华区,22.691963,114.044346
440300,440310,坪山区,22.69423,114.338441
440300,440311,光明区,22.748816,113.935895
440400,440402,香洲区,22.271249,113.55027
440400,440403,斗门区,22.209117,113.297739
440400,440404,金湾区,22.139122,113.345071
440500,440507,龙湖区,23.373754,116.732015
440500,440511,金平区,23.367071,116.703583
440500,440512,濠江区,23.279345,116.729528
440500,440513,潮阳区,23.262336,116.602602
440500,440514,潮南区,23.249798,116.423607
440500,440515,澄海区,23.46844,116.76336
440500,440523,南澳县,23.419562,117.027105
440600,440604,禅城区,23.019643,113.112414
440600,440605,南海区,23.031562,113.145577
440600,440606,顺德区,22.75851,113.281826
440600,440607,三水区,23.16504,112.899414
440600,440608,高明区,22.893855,112.882123
440700,440703,蓬江区,22.59677,113.07859
440700,440704,江海区,22.572211,113.120601
440700,440705,新会区,22.520247,113.038584
440700,440781,台山市,22.250713,112.793414
440700,440783,开平市,22.366286,112.692262
440700,440784,鹤山市,22.768104,112.961795
440700,440785,恩平市,22.182956,112.314051
440800,440802,赤坎区,21.273365,110.361634
440800,440803,霞山区,21.194229,110.406382
440800,440804,坡头区,21.24441,110.455632
440800,440811,麻章区,21.265997,110.329167
440800,440823,遂溪县,21.376915,110.255321
440800,440825,徐闻县,20.326083,110.175718
440800,440881,廉江市,21.611281,110.284961
440800,440882,雷州市,20.908523,110.088275
440800,440883,吴川市,21.428453,110.780508
440900,440902,茂南区,21.660425,110.920542
440900,440904,电白区,21.507219,111.007264
440900,440981,高州市,21.915153,110.853251
440900,440982,化州市,21.654953,110.63839
440900,440983,信宜市,22.352681,110.941656
441200,441202,端州区,23.052662,112.472329
441200,441203,鼎湖区,23.155822,112.565249
441200,441204,高要区,23.027694,112.460846
441200,441223,广宁县,23.631486,112.440419
441200,441224,怀集县,23.913072,112.182466
441200,441225,封开县,23.434731,111.502973
441200,441226,德庆县,23.141711,111.78156
441200,441284,四会市,23.340324,112.695028
441300,441302,惠城区,23.079883,114.413978
441300,441303,惠阳区,22.78851,114.469444
441300,441322,博罗县,23.167575,114.284254
441300,441323,惠东县,22.983036,114.723092
441300,441324,龙门县,23.723894,114.259986
441400,441402,梅江区,24.302593,116.12116
441400,441403,梅县区,24.267825,116.083482
441400,441422,大埔县,24.351587,116.69552
441400,441423,丰顺县,23.752771,116.184419
441400,441424,五华县,23.925424,115.775004
441400,441426,平远县,24.569651,115.891729
441400,441427,蕉岭县,24.653313,116.170531
441400,441481,兴宁市,24.138077,115.731648
441500,441502,城区,22.776227,115.363667
441500,441521,海丰县,22.971042,115.337324
441500,441523,陆河县,23.302682,115.657565
441500,441581,陆丰市,22.946104,115.644203
441600,441602,源城区,23.746255,114.696828
441600,441621,紫金县,23.633744,115.184383
441600,441622,龙川县,24.101174,115.256415
441600,441623,连平县,24.364227,114.495952
441600,441624,和平县,24.44318,114.941473
441600,441625,东源县,23.789093,114.742711
441700,441702,江城区,21.859182,111.968909
441700,441704,阳东区,21.864728,112.011267
441700,441721,阳西县,21.75367,111.617556
441700,441781,阳春市,22.169598,111.7905
441800,441802,清城区,23.688976,113.048698
441800,441803,清新区,23.736949,113.015203
441800,441821,佛冈县,23.866739,113.534094
441800,441823,阳山县,24.470286,112.634019
441800,441825,连山壮族瑶族自治县,24.567271,112.086555
441800,441826,连南瑶族自治县,24.719097,112.290808
441800,441881,英德市,24.18612,113.405404
441800,441882,连州市,24.783966,112.379271
445100,445102,湘桥区,23.664675,116.63365
445100,445103,潮安区,23.461012,116.67931
445100,445122,饶平县,23.668171,117.00205
445200,445202,榕城区,23.535524,116.357045
445200,445203,揭东区,23.569887,116.412947
445200,445222,揭西县,23.4273,115.838708
445200,445224,惠来县,23.029834,116.295832
445200,445281,普宁市,23.29788,116.165082
445300,445302,云城区,22.930827,112.04471
445300,445303,云安区,23.073152,112.005609
445300,445321,新兴县,22.703204,112.23083
445300,445322,郁南县,23.237709,111.535921
445300,445381,罗定市,22.765415,111.578201
450100,450102,兴宁区,22.819511,108.320189
450100,450103,青秀区,22.816614,108.346113
450100,450105,江南区,22.799593,108.310478
450100,450107,西乡塘区,22.832779,108.306903
450100,450108,良庆区,22.75909,108.322102
450100,450109,邕宁区,22.756598,108.484251
450100,450110,武鸣区,23.157163,108.280717
450100,450123,隆安县,23.174763,107.688661
450100,450124,马山县,23.711758,108.172903
450100,450125,上林县,23.431769,108.603937
450100,450126,宾阳县,23.216884,108.816735
450100,450127,横州市,22.68743,109.270987
450200,450202,城中区,24.312324,109.411749
450200,450203,鱼峰区,24.303848,109.415364
450200,450204,柳南区,24.287013,109.395936
450200,450205,柳北区,24.359145,109.406577
450200,450206,柳江区,24.257512,109.334503
450200,450222,柳城县,24.655121,109.245812
450200,450223,鹿寨县,24.483405,109.740805
450200,450224,融安县,25.214703,109.403621
450200,450225,融水苗族自治县,25.068812,109.252744
450200,450226,三江侗族自治县,25.78553,109.614846
450300,450302,秀峰区,25.278544,110.292445
450300,450303,叠彩区,25.301334,110.300783
450300,450304,象山区,25.261986,110.284882
450300,450305,七星区,25.254339,110.317577
450300,450311,雁山区,25.077646,110.305667
450300,450312,临桂区,25.246257,110.205487
450300,450321,阳朔县,24.77534,110.494699
450300,450323,灵川县,25.408541,110.325712
450300,450324,全州县,25.929897,111.072989
450300,450325,兴安县,25.609554,110.670783
450300,450326,永福县,24.986692,109.989208
450300,450327,灌阳县,25.489098,111.160248
450300,450328,龙胜各族自治县,25.796428,110.009423
450300,450329,资源县,26.0342,110.642587
450300,450330,平乐县,24.632216,110.642821
450300,450332,恭城瑶族自治县,24.833612,110.82952
450300,450381,荔浦市,24.497786,110.400149
450400,450403,万秀区,23.471318,111.315817
450400,450405,长洲区,23.4777,111.275678
450400,450406,龙圩区,23.40996,111.246035
450400,450421,苍梧县,23.845097,111.544008
450400,450422,藤县,23.373963,110.931826
450400,450423,蒙山县,24.199829,110.5226
450400,450481,岑溪市,22.918406,110.998114
450500,450502,海城区,21.468443,109.107529
450500,450503,银海区,21.444909,109.118707
450500,450512,铁山港区,21.5928,109.450573
450500,450521,合浦县,21.663554,109.200695
450600,450602,港口区,21.614406,108.346281
450600,450603,防城区,21.764758,108.358426
450600,450621,上思县,22.151423,107.982139
450600,450681,东兴市,21.541172,107.97017
450700,450702,钦南区,21.966808,108.626629
450700,450703,钦北区,22.132761,108.44911
450700,450721,灵山县,22.418041,109.293468
450700,450722,浦北县,22.268335,109.556341
450800,450802,港北区,23.107677,109.59481
450800,450803,港南区,23.067516,109.604665
450800,450804,覃塘区,23.132815,109.415697
450800,450821,平南县,23.544546,110.397485
450800,450881,桂平市,23.382473,110.074668
450900,450902,玉州区,22.632132,110.154912
450900,450903,福绵区,22.58163,110.054155
450900,450921,容县,22.856435,110.552467
450900,450922,陆川县,22.321054,110.264842
450900,450923,博白县,22.271285,109.980004
450900,450924,兴业县,22.74187,109.877768
450900,450981,北流市,22.701648,110.348052
451000,451002,右江区,23.897675,106.615727
451000,451003,田阳区,23.736079,106.904315
451000,451022,田东县,23.600444,107.12426
451000,451024,德保县,23.321464,106.618164
451000,451026,那坡县,23.400785,105.833553
451000,451027,凌云县,24.345643,106.56487
451000,451028,乐业县,24.782204,106.559638
451000,451029,田林县,24.290262,106.235047
451000,451030,西林县,24.492041,105.095025
451000,451031,隆林各族自治县,24.774318,105.342363
451000,451081,靖西市,23.134766,106.417549
451000,451082,平果市,23.320479,107.580403
451100,451102,八步区,24.412446,111.551991
451100,451103,平桂区,24.417148,111.524014
451100,451121,昭平县,24.172958,110.810865
451100,451122,钟山县,24.528566,111.303629
451100,451123,富川瑶族自治县,24.81896,111.277228
451200,451202,金城江区,24.695625,108.062131
451200,451203,宜州区,24.492193,108.653965
451200,451221,南丹县,24.983192,107.546605
451200,451222,天峨县,24.985964,107.174939
451200,451223,凤山县,24.544561,107.044592
451200,451224,东兰县,24.509367,107.373696
451200,451225,罗城仫佬族自治县,24.779327,108.902453
451200,451226,环江毛南族自治县,24.827628,108.258669
451200,451227,巴马瑶族自治县,24.139538,107.253126
451200,451228,都安瑶族自治县,23.934964,108.102761
451200,451229,大化瑶族自治县,23.739596,107.9945
451300,451302,兴宾区,23.732926,109.230541
451300,451321,忻城县,24.064779,108.667361
451300,451322,象州县,23.959824,109.684555
451300,451323,武宣县,23.604162,109.66287
451300,451324,金秀瑶族自治县,24.134941,110.188556
451300,451381,合山市,23.81311,108.88858
451400,451402,江州区,22.40469,107.354443
451400,451421,扶绥县,22.635821,107.911533
451400,451422,宁明县,22.131353,107.067616
451400,451423,龙州县,22.343716,106.857502
451400,451424,大新县,22.833369,107.200803
451400,451425,天等县,23.082484,107.142441
451400,451481,凭祥市,22.108882,106.759038
460100,460105,秀英区,20.008145,110.282393
460100,460106,龙华区,20.031026,110.330373
460100,460107,琼山区,20.001051,110.354722
460100,460108,美兰区,20.03074,110.356566
460200,460202,海棠区,18.407516,109.760778
460200,460203,吉阳区,18.247436,109.512081
460200,460204,天涯区,18.24734,109.506357
460200,460205,崖州区,18.352192,109.174306
460300,460301,西沙区,16.8310066,112.3386402
460300,460302,南沙区,9.543575,112.891018
510100,510104,锦江区,30.657689,104.080989
510100,510105,青羊区,30.667648,104.055731
510100,510106,金牛区,30.692058,104.043487
510100,510107,武侯区,30.630862,104.05167
510100,510108,成华区,30.660275,104.103077
510100,510112,龙泉驿区,30.56065,104.269181
510100,510113,青白江区,30.883438,104.25494
510100,510114,新都区,30.824223,104.16022
510100,510115,温江区,30.697996,103.836776
510100,510116,双流区,30.573243,103.922706
510100,510117,郫都区,30.808752,103.887842
510100,510118,新津区,30.414284,103.812449
510100,510121,金堂县,30.858417,104.415604
510100,510129,大邑县,30.586602,103.522397
510100,510131,蒲江县,30.194359,103.511541
510100,510181,都江堰市,30.99114,103.627898
510100,510182,彭州市,30.985161,103.941173
510100,510183,邛崃市,30.413271,103.46143
510100,510184,崇州市,30.631478,103.671049
510100,510185,简阳市,30.390666,104.550339
510300,510302,自流井区,29.343231,104.778188
510300,510303,贡井区,29.345675,104.714372
510300,510304,大安区,29.367136,104.783229
510300,510311,沿滩区,29.272521,104.876417
510300,510321,荣县,29.454851,104.423932
510300,510322,富顺县,29.181282,104.984256
510400,510402,东区,26.580887,101.715134
510400,510403,西区,26.596776,101.637969
510400,510411,仁和区,26.497185,101.737916
510400,510421,米易县,26.887474,102.109877
510400,510422,盐边县,26.677619,101.851848
510500,510502,江阳区,28.882889,105.445131
510500,510503,纳溪区,28.77631,105.37721
510500,510504,龙马潭区,28.897572,105.435228
510500,510521,泸县,29.151288,105.376335
510500,510522,合江县,28.810325,105.834098
510500,510524,叙永县,28.167919,105.437775
510500,510525,古蔺县,28.03948,105.813359
510600,510603,旌阳区,31.130428,104.389648
510600,510604,罗江区,31.303281,104.507126
510600,510623,中江县,31.03681,104.677831
510600,510681,广汉市,30.97715,104.281903
510600,510682,什邡市,31.126881,104.173653
510600,510683,绵竹市,31.343084,104.200162
510700,510703,涪城区,31.463557,104.740971
510700,510704,游仙区,31.484772,104.770006
510700,510705,安州区,31.53894,104.560341
510700,510722,三台县,31.090909,105.090316
510700,510723,盐亭县,31.22318,105.391991
510700,510725,梓潼县,31.635225,105.16353
510700,510726,北川羌族自治县,31.615863,104.468069
510700,510727,平武县,32.407588,104.530555
510700,510781,江油市,31.776386,104.744431
510800,510802,利州区,32.432276,105.826194
510800,510811,昭化区,32.322788,105.964121
510800,510812,朝天区,32.642632,105.88917
510800,510821,旺苍县,32.22833,106.290426
510800,510822,青川县,32.585655,105.238847
510800,510823,剑阁县,32.286517,105.527035
510800,510824,苍溪县,31.732251,105.939706
510900,510903,船山区,30.502647,105.582215
510900,510904,安居区,30.346121,105.459383
510900,510921,蓬溪县,30.774883,105.713699
510900,510923,大英县,30.581571,105.252187
510900,510981,射洪市,30.868752,105.381849
511000,511002,市中区,29.585265,105.065467
511000,511011,东兴区,29.600107,105.067203
511000,511024,威远县,29.52686,104.668327
511000,511025,资中县,29.775295,104.852463
511000,511083,隆昌市,29.338162,105.288074
511100,511102,市中区,29.588327,103.75539
511100,511111,沙湾区,29.416536,103.549961
511100,511112,五通桥区,29.406186,103.816837
511100,511113,金口河区,29.24602,103.077831
511100,511123,犍为县,29.209782,103.944266
511100,511124,井研县,29.651645,104.06885
511100,511126,夹江县,29.741019,103.578862
511100,511129,沐川县,28.956338,103.90211
511100,511132,峨边彝族自治县,29.230271,103.262148
511100,511133,马边彝族自治县,28.838933,103.546851
511100,511181,峨眉山市,29.597478,103.492488
511300,511302,顺庆区,30.795572,106.084091
511300,511303,高坪区,30.781809,106.108996
511300,511304,嘉陵区,30.762976,106.067027
511300,511321,南部县,31.349407,106.061138
511300,511322,营山县,31.075907,106.564893
511300,511323,蓬安县,31.027978,106.413488
511300,511324,仪陇县,31.271261,106.297083
511300,511325,西充县,30.994616,105.893021
511300,511381,阆中市,31.580466,105.975266
511400,511402,东坡区,30.048128,103.831553
511400,511403,彭山区,30.192298,103.8701
511400,511421,仁寿县,29.996721,104.147646
511400,511423,洪雅县,29.904867,103.375006
511400,511424,丹棱县,30.012751,103.518333
511400,511425,青神县,29.831469,103.846131
511500,511502,翠屏区,28.760179,104.630231
511500,511503,南溪区,28.839806,104.981133
511500,511504,叙州区,28.695678,104.541489
511500,511523,江安县,28.728102,105.068697
511500,511524,长宁县,28.577271,104.921116
511500,511525,高县,28.435676,104.519187
511500,511526,珙县,28.449041,104.712268
511500,511527,筠连县,28.162017,104.507848
511500,511528,兴文县,28.302988,105.236549
511500,511529,屏山县,28.64237,104.162617
511600,511602,广安区,30.456462,106.632907
511600,511603,前锋区,30.4963,106.893277
511600,511621,岳池县,30.533538,106.444451
511600,511622,武胜县,30.344291,106.292473
511600,511623,邻水县,30.334323,106.934968
511600,511681,华蓥市,30.380574,106.777882
511700,511702,通川区,31.213522,107.501062
511700,511703,达川区,31.199062,107.507926
511700,511722,宣汉县,31.355025,107.722254
511700,511723,开江县,31.085537,107.864135
511700,511724,大竹县,30.736289,107.20742
511700,511725,渠县,30.836348,106.970746
511700,511781,万源市,32.06777,108.037548
511800,511802,雨城区,29.981831,103.003398
511800,511803,名山区,30.084718,103.112214
511800,511822,荥经县,29.795529,102.844674
511800,511823,汉源县,29.349915,102.677145
511800,511824,石棉县,29.234063,102.35962
511800,511825,天全县,30.059955,102.763462
511800,511826,芦山县,30.152907,102.924016
511800,511827,宝兴县,30.369026,102.813377
511900,511902,巴州区,31.858366,106.753671
511900,511903,恩阳区,31.816336,106.486515
511900,511921,通江县,31.91212,107.247621
511900,511922,南江县,32.353164,106.843418
511900,511923,平昌县,31.562814,107.101937
512000,512002,雁江区,30.121686,104.642338
512000,512021,安岳县,30.099206,105.336764
512000,512022,乐至县,30.275619,105.031142
513200,513201,马尔康市,31.899761,102.221187
513200,513221,汶川县,31.47463,103.580675
513200,513222,理县,31.436764,103.165486
513200,513223,茂县,31.680407,103.850684
513200,513224,松潘县,32.63838,103.599177
513200,513225,九寨沟县,33.262097,104.236344
513200,513226,金川县,31.476356,102.064647
513200,513227,小金县,30.999016,102.363193
513200,513228,黑水县,32.061721,102.990805
513200,513230,壤塘县,32.264887,100.979136
513200,513231,阿坝县,32.904223,101.700985
513200,513232,若尔盖县,33.575934,102.963726
513200,513233,红原县,32.793902,102.544906
513300,513301,康定市,30.050738,101.964057
513300,513322,泸定县,29.912482,102.233225
513300,513323,丹巴县,30.877083,101.886125
513300,513324,九龙县,29.001975,101.506942
513300,513325,雅江县,30.03225,101.015735
513300,513326,道孚县,30.978767,101.123327
513300,513327,炉霍县,31.392674,100.679495
513300,513328,甘孜县,31.61975,99.991753
513300,513329,新龙县,30.93896,100.312094
513300,513330,德格县,31.806729,98.57999
513300,513331,白玉县,31.208805,98.824343
513300,513332,石渠县,32.975302,98.100887
513300,513333,色达县,32.268777,100.331657
513300,513334,理塘县,29.991807,100.269862
513300,513335,巴塘县,30.005723,99.109037
513300,513336,乡城县,28.930855,99.799943
513300,513337,稻城县,29.037544,100.296689
513300,513338,得荣县,28.71134,99.288036
513400,513401,西昌市,27.885786,102.258758
513400,513422,木里藏族自治县,27.926859,101.280184
513400,513423,盐源县,27.423415,101.508909
513400,513424,德昌县,27.403827,102.178845
513400,513425,会理市,26.658702,102.249548
513400,513426,会东县,26.630713,102.578985
513400,513427,宁南县,27.065205,102.757374
513400,513428,普格县,27.376828,102.541082
513400,513429,布拖县,27.709062,102.808801
513400,513430,金阳县,27.695916,103.248704
513400,513431,昭觉县,28.010554,102.843991
513400,513432,喜德县,28.305486,102.412342
513400,513433,冕宁县,28.550844,102.170046
513400,513434,越西县,28.639632,102.508875
513400,513435,甘洛县,28.977094,102.775924
513400,513436,美姑县,28.327946,103.132007
513400,513437,雷波县,28.262946,103.571584
520100,520102,南明区,26.573743,106.715963
520100,520103,云岩区,26.58301,106.713397
520100,520111,花溪区,26.410464,106.670791
520100,520112,乌当区,26.630928,106.762123
520100,520113,白云区,26.676849,106.633037
520100,520115,观山湖区,26.646358,106.626323
520100,520121,开阳县,27.056793,106.969438
520100,520122,息烽县,27.092665,106.737693
520100,520123,修文县,26.840672,106.599218
520100,520181,清镇市,26.551289,106.470278
520200,520201,钟山区,26.584805,104.846244
520200,520203,六枝特区,26.210662,105.474235
520200,520221,水城区,26.540478,104.95685
520200,520281,盘州市,25.706966,104.468367
520300,520302,红花岗区,27.694395,106.943784
520300,520303,汇川区,27.706626,106.937265
520300,520304,播州区,27.535288,106.831668
520300,520322,桐梓县,28.131559,106.826591
520300,520323,绥阳县,27.951342,107.191024
520300,520324,正安县,28.550337,107.441872
520300,520325,道真仡佬族苗族自治县,28.880088,107.605342
520300,520326,务川仡佬族苗族自治县,28.521567,107.887857
520300,520327,凤冈县,27.960858,107.722021
520300,520328,湄潭县,27.765839,107.485723
520300,520329,余庆县,27.221552,107.892566
520300,520330,习水县,28.327826,106.200954
520300,520381,赤水市,28.587057,105.698116
520300,520382,仁怀市,27.803377,106.412476
520400,520402,西秀区,26.248323,105.946169
520400,520403,平坝区,26.40608,106.259942
520400,520422,普定县,26.305794,105.745609
520400,520423,镇宁布依族苗族自治县,26.056096,105.768656
520400,520424,关岭布依族苗族自治县,25.944248,105.618454
520400,520425,紫云苗族布依族自治县,25.751567,106.084515
520500,520502,七星关区,27.302085,105.284852
520500,520521,大方县,27.143521,105.609254
520500,520522,黔西市,27.024923,106.038299
520500,520523,金沙县,27.459693,106.222103
520500,520524,织金县,26.668497,105.768997
520500,520525,纳雍县,26.769875,105.375322
520500,520526,威宁彝族回族苗族自治县,26.859099,104.286523
520500,520527,赫章县,27.119243,104.726438
520600,520602,碧江区,27.718745,109.192117
520600,520603,万山区,27.51903,109.21199
520600,520621,江口县,27.691904,108.848427
520600,520622,玉屏侗族自治县,27.238024,108.917882
520600,520623,石阡县,27.519386,108.229854
520600,520624,思南县,27.941331,108.255827
520600,520625,印江土家族苗族自治县,27.997976,108.405517
520600,520626,德江县,28.26094,108.117317
520600,520627,沿河土家族自治县,28.560487,108.495746
520600,520628,松桃苗族自治县,28.165419,109.202627
522300,522301,兴义市,25.088599,104.897982
522300,522302,兴仁市,25.431378,105.192778
522300,522323,普安县,25.786404,104.955347
522300,522324,晴隆县,25.832881,105.218773
522300,522325,贞丰县,25.385752,105.650133
522300,522326,望谟县,25.166667,106.091563
522300,522327,册亨县,24.983338,105.81241
522300,522328,安龙县,25.108959,105.471498
522600,522601,凯里市,26.582964,107.977541
522600,522622,黄平县,26.896973,107.901337
522600,522623,施秉县,27.034657,108.12678
522600,522624,三穗县,26.959884,108.681121
522600,522625,镇远县,27.050233,108.423656
522600,522626,岑巩县,27.173244,108.816459
522600,522627,天柱县,26.909684,109.212798
522600,522628,锦屏县,26.680625,109.20252
522600,522629,剑河县,26.727349,108.440499
522600,522630,台江县,26.669138,108.314637
522600,522631,黎平县,26.230636,109.136504
522600,522632,榕江县,25.931085,108.521026
522600,522633,从江县,25.747058,108.912648
522600,522634,雷山县,26.381027,108.079613
522600,522635,麻江县,26.494803,107.593172
522600,522636,丹寨县,26.199497,107.794808
522700,522701,都匀市,26.258205,107.517021
522700,522702,福泉市,26.702508,107.513508
522700,522722,荔波县,25.412239,107.8838
522700,522723,贵定县,26.580807,107.233588
522700,522725,瓮安县,27.066339,107.478417
522700,522726,独山县,25.826283,107.542757
522700,522727,平塘县,25.831803,107.32405
522700,522728,罗甸县,25.429894,106.750006
522700,522729,长顺县,26.022116,106.447376
522700,522730,龙里县,26.448809,106.977733
522700,522731,惠水县,26.128637,106.657848
522700,522732,三都水族自治县,25.985183,107.87747
530100,530102,五华区,25.042165,102.704412
530100,530103,盘龙区,25.070239,102.729044
530100,530111,官渡区,25.021211,102.723437
530100,530112,西山区,25.02436,102.705904
530100,530113,东川区,26.08349,103.182
530100,530114,呈贡区,24.889275,102.801382
530100,530115,晋宁区,24.666944,102.594987
530100,530124,富民县,25.219667,102.497888
530100,530125,宜良县,24.918215,103.145989
530100,530126,石林彝族自治县,24.754545,103.271962
530100,530127,嵩明县,25.335087,103.038777
530100,530128,禄劝彝族苗族自治县,25.556533,102.46905
530100,530129,寻甸回族彝族自治县,25.559474,103.257588
530100,530181,安宁市,24.921785,102.485544
530300,530302,麒麟区,25.501269,103.798054
530300,530303,沾益区,25.600878,103.819262
530300,530304,马龙区,25.429451,103.578755
530300,530322,陆良县,25.022878,103.655233
530300,530323,师宗县,24.825681,103.993808
530300,530324,罗平县,24.885708,104.309263
530300,530325,富源县,25.67064,104.25692
530300,530326,会泽县,26.412861,103.300041
530300,530381,宣威市,26.227777,104.09554
530400,530402,红塔区,24.350753,102.543468
530400,530403,江川区,24.291006,102.749839
530400,530423,通海县,24.112205,102.760039
530400,530424,华宁县,24.189807,102.928982
530400,530425,易门县,24.669598,102.16211
530400,530426,峨山彝族自治县,24.173256,102.404358
530400,530427,新平彝族傣族自治县,24.0664,101.990903
530400,530428,元江哈尼族彝族傣族自治县,23.597618,101.999658
530400,530481,澄江市,24.669679,102.916652
530500,530502,隆阳区,25.112144,99.165825
530500,530521,施甸县,24.730847,99.183758
530500,530523,龙陵县,24.591912,98.693567
530500,530524,昌宁县,24.823662,99.612344
530500,530581,腾冲市,25.01757,98.497292
530600,530602,昭阳区,27.336636,103.717267
530600,530621,鲁甸县,27.191637,103.549333
530600,530622,巧家县,26.9117,102.929284
530600,530623,盐津县,28.106923,104.23506
530600,530624,大关县,27.747114,103.891608
530600,530625,永善县,28.231526,103.63732
530600,530626,绥江县,28.599953,103.961095
530600,530627,镇雄县,27.436267,104.873055
530600,530628,彝良县,27.627425,104.048492
530600,530629,威信县,27.843381,105.04869
530600,530681,水富市,28.629688,104.415376
530700,530702,古城区,26.872229,100.234412
530700,530721,玉龙纳西族自治县,26.830593,100.238312
530700,530722,永胜县,26.685623,100.750901
530700,530723,华坪县,26.628834,101.267796
530700,530724,宁蒗彝族自治县,27.281109,100.852427
530800,530802,思茅区,22.776595,100.973227
530800,530821,宁洱哈尼族彝族自治县,23.062507,101.04524
530800,530822,墨江哈尼族自治县,23.428165,101.687606
530800,530823,景东彝族自治县,24.448523,100.840011
530800,530824,景谷傣族彝族自治县,23.500278,100.701425
530800,530825,镇沅彝族哈尼族拉祜族自治县,24.005712,101.108512
530800,530826,江城哈尼族彝族自治县,22.58336,101.859144
530800,530827,孟连傣族拉祜族佤族自治县,22.325924,99.585406
530800,530828,澜沧拉祜族自治县,22.553083,99.931201
530800,530829,西盟佤族自治县,22.644423,99.594372
530900,530902,临翔区,23.886562,100.086486
530900,530921,凤庆县,24.592738,99.91871
530900,530922,云县,24.439026,100.125637
530900,530923,永德县,24.028159,99.253679
530900,530924,镇康县,23.761415,98.82743
530900,530925,双江拉祜族佤族布朗族傣族自治县,23.477476,99.824419
530900,530926,耿马傣族佤族自治县,23.534579,99.402495
530900,530927,沧源佤族自治县,23.146887,99.2474
532300,532301,楚雄市,25.040912,101.546145
532300,532322,双柏县,24.685094,101.63824
532300,532323,牟定县,25.312111,101.543044
532300,532324,南华县,25.192408,101.274991
532300,532325,姚安县,25.505403,101.238399
532300,532326,大姚县,25.722348,101.323602
532300,532327,永仁县,26.056316,101.671175
532300,532328,元谋县,25.703313,101.870837
532300,532329,武定县,25.5301,102.406785
532300,532331,禄丰市,25.14327,102.075694
532500,532501,个旧市,23.360383,103.154752
532500,532502,开远市,23.713832,103.258679
532500,532503,蒙自市,23.366843,103.385005
532500,532504,弥勒市,24.40837,103.436988
532500,532523,屏边苗族自治县,22.987013,103.687229
532500,532524,建水县,23.618387,102.820493
532500,532525,石屏县,23.712569,102.484469
532500,532527,泸西县,24.532368,103.759622
532500,532528,元阳县,23.219773,102.837056
532500,532529,红河县,23.369191,102.42121
532500,532530,金平苗族瑶族傣族自治县,22.779982,103.228359
532500,532531,绿春县,22.99352,102.39286
532500,532532,河口瑶族自治县,22.507563,103.961593
532600,532601,文山市,23.369216,104.244277
532600,532622,砚山县,23.612301,104.343989
532600,532623,西畴县,23.437439,104.675711
532600,532624,麻栗坡县,23.124202,104.701899
532600,532625,马关县,23.011723,104.398619
532600,532626,丘北县,24.040982,104.194366
532600,532627,广南县,24.050272,105.056684
532600,532628,富宁县,23.626494,105.62856
532800,532801,景洪市,22.002087,100.797947
532800,532822,勐海县,21.955866,100.448288
532800,532823,勐腊县,21.479449,101.567051
532900,532901,大理市,25.593067,100.241369
532900,532922,漾濞彝族自治县,25.669543,99.95797
532900,532923,祥云县,25.477072,100.554025
532900,532924,宾川县,25.825904,100.578957
532900,532925,弥渡县,25.342594,100.490669
532900,532926,南涧彝族自治县,25.041279,100.518683
532900,532927,巍山彝族回族自治县,25.230909,100.30793
532900,532928,永平县,25.461281,99.533536
532900,532929,云龙县,25.884955,99.369402
532900,532930,洱源县,26.111184,99.951708
532900,532931,剑川县,26.530066,99.905887
532900,532932,鹤庆县,26.55839,100.173375
533100,533102,瑞丽市,24.010734,97.855883
533100,533103,芒市,24.436699,98.577608
533100,533122,梁河县,24.80742,98.298196
533100,533123,盈江县,24.709541,97.93393
533100,533124,陇川县,24.184065,97.794441
533300,533301,泸水市,25.851142,98.854063
533300,533323,福贡县,26.902738,98.867413
533300,533324,贡山独龙族怒族自治县,27.738054,98.666141
533300,533325,兰坪白族普米族自治县,26.453839,99.421378
533400,533401,香格里拉市,27.825804,99.708667
533400,533422,德钦县,28.483272,98.91506
533400,533423,维西傈僳族自治县,27.180948,99.286355
540100,540102,城关区,29.659472,91.132911
540100,540103,堆龙德庆区,29.647347,91.002823
540100,540104,达孜区,29.670314,91.350976
540100,540121,林周县,29.895754,91.261842
540100,540122,当雄县,30.474819,91.103551
540100,540123,尼木县,29.431346,90.165545
540100,540124,曲水县,29.349895,90.738051
540100,540127,墨竹工卡县,29.834657,91.731158
540200,540202,桑珠孜区,29.267003,88.88667
540200,540221,南木林县,29.680459,89.099434
540200,540222,江孜县,28.908845,89.605044
540200,540223,定日县,28.656667,87.123887
540200,540224,萨迦县,28.901077,88.023007
540200,540225,拉孜县,29.085136,87.63743
540200,540226,昂仁县,29.294758,87.23578
540200,540227,谢通门县,29.431597,88.260517
540200,540228,白朗县,29.106627,89.263618
540200,540229,仁布县,29.230299,89.843207
540200,540230,康马县,28.554719,89.683406
540200,540231,定结县,28.36409,87.767723
540200,540232,仲巴县,29.768336,84.032826
540200,540233,亚东县,27.482772,88.906806
540200,540234,吉隆县,28.852416,85.298349
540200,540235,聂拉木县,28.15595,85.981953
540200,540236,萨嘎县,29.328194,85.234622
540200,540237,岗巴县,28.274371,88.518903
540300,540302,卡若区,31.137035,97.178255
540300,540321,江达县,31.499534,98.218351
540300,540322,贡觉县,30.859206,98.271191
540300,540323,类乌齐县,31.213048,96.601259
540300,540324,丁青县,31.410681,95.597748
540300,540325,察雅县,30.653038,97.565701
540300,540326,八宿县,30.053408,96.917893
540300,540327,左贡县,29.671335,97.840532
540300,540328,芒康县,29.686615,98.596444
540300,540329,洛隆县,30.741947,95.823418
540300,540330,边坝县,30.933849,94.707504
540400,540402,巴宜区,29.653732,94.360987
540400,540421,工布江达县,29.88447,93.246515
540400,540422,米林县,29.213811,94.213679
540400,540423,墨脱县,29.32573,95.332245
540400,540424,波密县,29.858771,95.768151
540400,540425,察隅县,28.660244,97.465002
540400,540426,朗县,29.0446,93.073429
540500,540502,乃东区,29.236106,91.76525
540500,540521,扎囊县,29.246476,91.338
540500,540522,贡嘎县,29.289078,90.985271
540500,540523,桑日县,29.259774,92.015732
540500,540524,琼结县,29.025242,91.683753
540500,540525,曲松县,29.063656,92.201066
540500,540526,措美县,28.437353,91.432347
540500,540527,洛扎县,28.385765,90.858243
540500,540528,加查县,29.140921,92.591043
540500,540529,隆子县,28.408548,92.463309
540500,540530,错那县,27.991707,91.960132
540500,540531,浪卡子县,28.96836,90.398747
540600,540602,色尼区,31.475756,92.061862
540600,540621,嘉黎县,30.640846,93.232907
540600,540622,比如县,31.479917,93.68044
540600,540623,聂荣县,32.107855,92.303659
540600,540624,安多县,32.260299,91.681879
540600,540625,申扎县,30.929056,88.709777
540600,540626,索县,31.886173,93.784964
540600,540627,班戈县,31.394578,90.011822
540600,540628,巴青县,31.918691,94.054049
540600,540629,尼玛县,31.784979,87.236646
540600,540630,双湖县,33.18698,88.838578
542500,542521,普兰县,30.291896,81.177588
542500,542522,札达县,31.478587,79.803191
542500,542523,噶尔县,32.503373,80.105005
542500,542524,日土县,33.382454,79.731937
542500,542525,革吉县,32.389192,81.142896
542500,542526,改则县,32.302076,84.062384
542500,542527,措勤县,31.016774,85.159254
610100,610102,新城区,34.26927,108.959903
610100,610103,碑林区,34.251061,108.946994
610100,610104,莲湖区,34.2656,108.933194
610100,610111,灞桥区,34.267453,109.067261
610100,610112,未央区,34.30823,108.946022
610100,610113,雁塔区,34.213389,108.926593
610100,610114,阎良区,34.662141,109.22802
610100,610115,临潼区,34.372065,109.213986
610100,610116,长安区,34.157097,108.941579
610100,610117,高陵区,34.535065,109.088896
610100,610118,鄠邑区,34.108668,108.607385
610100,610122,蓝田县,34.156189,109.317634
610100,610124,周至县,34.161532,108.216465
610200,610202,王益区,35.069098,109.075862
610200,610203,印台区,35.111927,109.100814
610200,610204,耀州区,34.910206,108.962538
610200,610222,宜君县,35.398766,109.118278
610300,610302,渭滨区,34.371008,107.144467
610300,610303,金台区,34.375192,107.149943
610300,610304,陈仓区,34.352747,107.383645
610300,610322,凤翔区,34.521668,107.400577
610300,610323,岐山县,34.44296,107.624464
610300,610324,扶风县,34.375497,107.891419
610300,610326,眉县,34.272137,107.752371
610300,610327,陇县,34.893262,106.857066
610300,610328,千阳县,34.642584,107.132987
610300,610329,麟游县,34.677714,107.796608
610300,610330,凤县,33.912464,106.525212
610300,610331,太白县,34.059215,107.316533
610400,610402,秦都区,34.329801,108.698636
610400,610403,杨陵区,34.27135,108.086348
610400,610404,渭城区,34.336847,108.730957
610400,610422,三原县,34.613996,108.943481
610400,610423,泾阳县,34.528493,108.83784
610400,610424,乾县,34.527261,108.247406
610400,610425,礼泉县,34.482583,108.428317
610400,610426,永寿县,34.692619,108.143129
610400,610428,长武县,35.206122,107.795835
610400,610429,旬邑县,35.112234,108.337231
610400,610430,淳化县,34.79797,108.581173
610400,610431,武功县,34.259732,108.212857
610400,610481,兴平市,34.297134,108.488493
610400,610482,彬州市,35.034233,108.083674
610500,610502,临渭区,34.501271,109.503299
610500,610503,华州区,34.511958,109.76141
610500,610522,潼关县,34.544515,110.24726
610500,610523,大荔县,34.795011,109.943123
610500,610524,合阳县,35.237098,110.147979
610500,610525,澄城县,35.184,109.937609
610500,610526,蒲城县,34.956034,109.589653
610500,610527,白水县,35.177291,109.594309
610500,610528,富平县,34.746679,109.187174
610500,610581,韩城市,35.475238,110.452391
610500,610582,华阴市,34.565359,110.08952
610600,610602,宝塔区,36.596291,109.49069
610600,610603,安塞区,36.86441,109.325341
610600,610621,延长县,36.578306,110.012961
610600,610622,延川县,36.882066,110.190314
610600,610625,志丹县,36.823031,108.768898
610600,610626,吴起县,36.924852,108.176976
610600,610627,甘泉县,36.277729,109.34961
610600,610628,富县,35.996495,109.384136
610600,610629,洛川县,35.762133,109.435712
610600,610630,宜川县,36.050391,110.175537
610600,610631,黄龙县,35.583276,109.83502
610600,610632,黄陵县,35.580165,109.262469
610600,610681,子长市,37.14207,109.675968
610700,610702,汉台区,33.077674,107.028233
610700,610703,南郑区,33.003341,106.942393
610700,610722,城固县,33.153098,107.329887
610700,610723,洋县,33.223283,107.549962
610700,610724,西乡县,32.987961,107.765858
610700,610725,勉县,33.155618,106.680175
610700,610726,宁强县,32.830806,106.25739
610700,610727,略阳县,33.329638,106.153899
610700,610728,镇巴县,32.535854,107.89531
610700,610729,留坝县,33.61334,106.924377
610700,610730,佛坪县,33.520745,107.988582
610800,610802,榆阳区,38.299267,109.74791
610800,610803,横山区,37.964048,109.292596
610800,610822,府谷县,39.029243,111.069645
610800,610824,靖边县,37.596084,108.80567
610800,610825,定边县,37.59523,107.601284
610800,610826,绥德县,37.507701,110.265377
610800,610827,米脂县,37.759081,110.178683
610800,610828,佳县,38.021597,110.493367
610800,610829,吴堡县,37.451925,110.739315
610800,610830,清涧县,37.087702,110.12146
610800,610831,子洲县,37.611573,110.03457
610800,610881,神木市,38.835641,110.497005
610900,610902,汉滨区,32.690817,109.029098
610900,610921,汉阴县,32.891121,108.510946
610900,610922,石泉县,33.038512,108.250512
610900,610923,宁陕县,33.312184,108.313714
610900,610924,紫阳县,32.520176,108.537788
610900,610925,岚皋县,32.31069,108.900663
610900,610926,平利县,32.387933,109.361865
610900,610927,镇坪县,31.883395,109.526437
610900,610928,旬阳市,32.833567,109.368149
610900,610929,白河县,32.809484,110.114186
611000,611002,商州区,33.869208,109.937685
611000,611021,洛南县,34.088502,110.145716
611000,611022,丹凤县,33.694711,110.33191
611000,611023,商南县,33.526367,110.885437
611000,611024,山阳县,33.530411,109.880435
611000,611025,镇安县,33.423981,109.151075
611000,611026,柞水县,33.682773,109.111249
620100,620102,城关区,36.049115,103.841032
620100,620103,七里河区,36.06673,103.784326
620100,620104,西固区,36.100369,103.622331
620100,620105,安宁区,36.10329,103.724038
620100,620111,红古区,36.344177,102.861814
620100,620121,永登县,36.734428,103.262203
620100,620122,皋兰县,36.331254,103.94933
620100,620123,榆中县,35.84443,104.114975
620300,620302,金川区,38.513793,102.187683
620300,620321,永昌县,38.247354,101.971957
620400,620402,白银区,36.545649,104.17425
620400,620403,平川区,36.72921,104.819207
620400,620421,靖远县,36.561424,104.686972
620400,620422,会宁县,35.692486,105.054337
620400,620423,景泰县,37.193519,104.066394
620500,620502,秦州区,34.578645,105.724477
620500,620503,麦积区,34.563504,105.897631
620500,620521,清水县,34.75287,106.139878
620500,620522,秦安县,34.862354,105.6733
620500,620523,甘谷县,34.747327,105.332347
620500,620524,武山县,34.721955,104.891696
620500,620525,张家川回族自治县,34.993237,106.212416
620600,620602,凉州区,37.93025,102.634492
620600,620621,民勤县,38.624621,103.090654
620600,620622,古浪县,37.470571,102.898047
620600,620623,天祝藏族自治县,36.971678,103.142034
620700,620702,甘州区,38.931774,100.454862
620700,620721,肃南裕固族自治县,38.837269,99.617086
620700,620722,民乐县,38.434454,100.816623
620700,620723,临泽县,39.152151,100.166333
620700,620724,高台县,39.376308,99.81665
620700,620725,山丹县,38.784839,101.088442
620800,620802,崆峒区,35.54173,106.684223
620800,620821,泾川县,35.335283,107.365218
620800,620822,灵台县,35.064009,107.620587
620800,620823,崇信县,35.304533,107.031253
620800,620825,庄浪县,35.203428,106.041979
620800,620826,静宁县,35.525243,105.733489
620800,620881,华亭市,35.215341,106.649308
620900,620902,肃州区,39.743858,98.511155
620900,620921,金塔县,39.983036,98.902959
620900,620922,瓜州县,40.516525,95.780591
620900,620923,肃北蒙古族自治县,39.51224,94.87728
620900,620924,阿克塞哈萨克族自治县,39.631642,94.337642
620900,620981,玉门市,40.28682,97.037206
620900,620982,敦煌市,40.141119,94.664279
621000,621002,西峰区,35.733713,107.638824
621000,621021,庆城县,36.013504,107.885664
621000,621022,环县,36.569322,107.308754
621000,621023,华池县,36.457304,107.986288
621000,621024,合水县,35.819005,108.019865
621000,621025,正宁县,35.490642,108.361068
621000,621026,宁县,35.50201,107.921182
621000,621027,镇原县,35.677806,107.195706
621100,621102,安定区,35.579764,104.62577
621100,621121,通渭县,35.208922,105.250102
621100,621122,陇西县,35.003409,104.637554
621100,621123,渭源县,35.133023,104.211742
621100,621124,临洮县,35.376233,103.862186
621100,621125,漳县,34.848642,104.466756
621100,621126,岷县,34.439105,104.039882
621200,621202,武都区,33.388155,104.929866
621200,621221,成县,33.739863,105.734434
621200,621222,文县,32.942171,104.682448
621200,621223,宕昌县,34.042655,104.394475
621200,621224,康县,33.328266,105.609534
621200,621225,西和县,34.013718,105.299737
621200,621226,礼县,34.189387,105.181616
621200,621227,徽县,33.767785,106.085632
621200,621228,两当县,33.910729,106.306959
622900,622901,临夏市,35.59941,103.211634
622900,622921,临夏县,35.49236,102.993873
622900,622922,康乐县,35.371906,103.709852
622900,622923,永靖县,35.938933,103.319871
622900,622924,广河县,35.481688,103.576188
622900,622925,和政县,35.425971,103.350357
622900,622926,东乡族自治县,35.66383,103.389568
622900,622927,积石山保安族东乡族撒拉族自治县,35.712906,102.877473
623000,623001,合作市,34.985973,102.91149
623000,623021,临潭县,34.69164,103.353054
623000,623022,卓尼县,34.588165,103.508508
623000,623023,舟曲县,33.782964,104.370271
623000,623024,迭部县,34.055348,103.221009
623000,623025,玛曲县,33.998068,102.075767
623000,623026,碌曲县,34.589591,102.488495
623000,623027,夏河县,35.200853,102.520743
630100,630102,城东区,36.616043,101.796095
630100,630103,城中区,36.621181,101.784554
630100,630104,城西区,36.628323,101.763649
630100,630105,城北区,36.648448,101.761297
630100,630106,湟中区,36.500419,101.569475
630100,630121,大通回族土族自治县,36.931343,101.684183
630100,630123,湟源县,36.684818,101.263435
630200,630202,乐都区,36.480291,102.402431
630200,630203,平安区,36.502714,102.104295
630200,630222,民和回族土族自治县,36.329451,102.804209
630200,630223,互助土族自治县,36.83994,101.956734
630200,630224,化隆回族自治县,36.098322,102.262329
630200,630225,循化撒拉族自治县,35.847247,102.486534
632200,632221,门源回族自治县,37.376627,101.618461
632200,632222,祁连县,38.175409,100.249778
632200,632223,海晏县,36.959542,100.90049
632200,632224,刚察县,37.326263,100.138417
632300,632301,同仁市,35.516337,102.017604
632300,632322,尖扎县,35.938205,102.031953
632300,632323,泽库县,35.036842,101.469343
632300,632324,河南蒙古族自治县,34.734522,101.611877
632500,632521,共和县,36.280286,100.619597
632500,632522,同德县,35.254492,100.579465
632500,632523,贵德县,36.040456,101.431856
632500,632524,兴海县,35.58909,99.986963
